INSERT INTO TB_BOARD (BOARD_NO, TITLE, CONTENT, CREATE_DATE, COUNT, BRANCH, TYPE, FILE_PATH, USER_NO, CLASS_NO) VALUES (1, '공지사항', '이것은 강의 관련 공지 내용입니다.', '2025-02-12', 62, '종로', 1, '/files/dummy_1.pdf', 3, NULL);
INSERT INTO TB_BOARD (BOARD_NO, TITLE, CONTENT, CREATE_DATE, COUNT, BRANCH, TYPE, FILE_PATH, USER_NO, CLASS_NO) VALUES (2, '출석 안내', '이것은 강의 관련 공지 내용입니다.', '2025-02-07', 25, '종로', 1, '/files/dummy_2.pdf', 1, NULL);
INSERT INTO TB_BOARD (BOARD_NO, TITLE, CONTENT, CREATE_DATE, COUNT, BRANCH, TYPE, FILE_PATH, USER_NO, CLASS_NO) VALUES (3, '공지사항', '이것은 강의 관련 공지 내용입니다.', '2025-02-22', 98, '종로', 1, NULL, 1, NULL);
INSERT INTO TB_BOARD (BOARD_NO, TITLE, CONTENT, CREATE_DATE, COUNT, BRANCH, TYPE, FILE_PATH, USER_NO, CLASS_NO) VALUES (4, '과제 제출', '이것은 강의 관련 공지 내용입니다.', '2025-02-18', 31, '강남', 1, NULL, 2, NULL);
INSERT INTO TB_BOARD (BOARD_NO, TITLE, CONTENT, CREATE_DATE, COUNT, BRANCH, TYPE, FILE_PATH, USER_NO, CLASS_NO) VALUES (5, '공지사항', '이것은 강의 관련 공지 내용입니다.', '2025-02-09', 20, '종로', 1, NULL, 2, NULL);
INSERT INTO TB_BOARD (BOARD_NO, TITLE, CONTENT, CREATE_DATE, COUNT, BRANCH, TYPE, FILE_PATH, USER_NO, CLASS_NO) VALUES (6, '시험 일정', '이것은 강의 관련 공지 내용입니다.', '2025-03-13', 17, '신촌', 1, '/files/dummy_6.pdf', 2, NULL);
INSERT INTO TB_BOARD (BOARD_NO, TITLE, CONTENT, CREATE_DATE, COUNT, BRANCH, TYPE, FILE_PATH, USER_NO, CLASS_NO) VALUES (7, '출석 안내', '이것은 강의 관련 공지 내용입니다.', '2025-03-12', 54, '신촌', 1, NULL, 1, NULL);
INSERT INTO TB_BOARD (BOARD_NO, TITLE, CONTENT, CREATE_DATE, COUNT, BRANCH, TYPE, FILE_PATH, USER_NO, CLASS_NO) VALUES (8, '출석 안내', '이것은 강의 관련 공지 내용입니다.', '2025-02-13', 85, '강남', 1, NULL, 1, NULL);
INSERT INTO TB_BOARD (BOARD_NO, TITLE, CONTENT, CREATE_DATE, COUNT, BRANCH, TYPE, FILE_PATH, USER_NO, CLASS_NO) VALUES (9, '강의 공지', '이것은 강의 관련 공지 내용입니다.', '2025-03-03', 74, '강남', 1, NULL, 3, NULL);
INSERT INTO TB_BOARD (BOARD_NO, TITLE, CONTENT, CREATE_DATE, COUNT, BRANCH, TYPE, FILE_PATH, USER_NO, CLASS_NO) VALUES (10, '시험 일정', '이것은 강의 관련 공지 내용입니다.', '2025-02-19', 95, '강남', 1, NULL, 3, NULL);
INSERT INTO TB_BOARD (BOARD_NO, TITLE, CONTENT, CREATE_DATE, COUNT, BRANCH, TYPE, FILE_PATH, USER_NO, CLASS_NO) VALUES (11, '강의 공지', '이것은 강의 관련 공지 내용입니다.', '2025-02-17', 97, '강남', 1, '/files/dummy_11.pdf', 3, NULL);
INSERT INTO TB_BOARD (BOARD_NO, TITLE, CONTENT, CREATE_DATE, COUNT, BRANCH, TYPE, FILE_PATH, USER_NO, CLASS_NO) VALUES (12, '과제 제출', '이것은 강의 관련 공지 내용입니다.', '2025-03-20', 64, '종로', 1, '/files/dummy_12.pdf', 3, NULL);
INSERT INTO TB_BOARD (BOARD_NO, TITLE, CONTENT, CREATE_DATE, COUNT, BRANCH, TYPE, FILE_PATH, USER_NO, CLASS_NO) VALUES (13, '출석 안내', '이것은 강의 관련 공지 내용입니다.', '2025-03-16', 52, '신촌', 1, NULL, 1, NULL);
INSERT INTO TB_BOARD (BOARD_NO, TITLE, CONTENT, CREATE_DATE, COUNT, BRANCH, TYPE, FILE_PATH, USER_NO, CLASS_NO) VALUES (14, '공지사항', '이것은 강의 관련 공지 내용입니다.', '2025-03-22', 70, '강남', 1, NULL, 1, NULL);
INSERT INTO TB_BOARD (BOARD_NO, TITLE, CONTENT, CREATE_DATE, COUNT, BRANCH, TYPE, FILE_PATH, USER_NO, CLASS_NO) VALUES (15, '시험 일정', '이것은 강의 관련 공지 내용입니다.', '2025-03-04', 39, '신촌', 1, '/files/dummy_15.pdf', 2, NULL);
INSERT INTO TB_BOARD (BOARD_NO, TITLE, CONTENT, CREATE_DATE, COUNT, BRANCH, TYPE, FILE_PATH, USER_NO, CLASS_NO) VALUES (16, '강의 공지', '이것은 강의 관련 공지 내용입니다.', '2025-02-15', 64, '종로', 1, '/files/dummy_16.pdf', 3, NULL);
INSERT INTO TB_BOARD (BOARD_NO, TITLE, CONTENT, CREATE_DATE, COUNT, BRANCH, TYPE, FILE_PATH, USER_NO, CLASS_NO) VALUES (17, '공지사항', '이것은 강의 관련 공지 내용입니다.', '2025-03-27', 39, '강남', 1, NULL, 1, NULL);
INSERT INTO TB_BOARD (BOARD_NO, TITLE, CONTENT, CREATE_DATE, COUNT, BRANCH, TYPE, FILE_PATH, USER_NO, CLASS_NO) VALUES (18, '과제 제출', '이것은 강의 관련 공지 내용입니다.', '2025-02-02', 42, '종로', 1, NULL, 1, NULL);
INSERT INTO TB_BOARD (BOARD_NO, TITLE, CONTENT, CREATE_DATE, COUNT, BRANCH, TYPE, FILE_PATH, USER_NO, CLASS_NO) VALUES (19, '강의 공지', '이것은 강의 관련 공지 내용입니다.', '2025-02-06', 69, '종로', 1, '/files/dummy_19.pdf', 3, NULL);
INSERT INTO TB_BOARD (BOARD_NO, TITLE, CONTENT, CREATE_DATE, COUNT, BRANCH, TYPE, FILE_PATH, USER_NO, CLASS_NO) VALUES (20, '출석 안내', '이것은 강의 관련 공지 내용입니다.', '2025-03-30', 26, '강남', 1, '/files/dummy_20.pdf', 2, NULL);
INSERT INTO TB_BOARD (BOARD_NO, TITLE, CONTENT, CREATE_DATE, COUNT, BRANCH, TYPE, FILE_PATH, USER_NO, CLASS_NO) VALUES (21, '시험 일정', '이것은 강의 관련 공지 내용입니다.', '2025-02-10', 71, '신촌', 1, '/files/dummy_21.pdf', 3, NULL);
INSERT INTO TB_BOARD (BOARD_NO, TITLE, CONTENT, CREATE_DATE, COUNT, BRANCH, TYPE, FILE_PATH, USER_NO, CLASS_NO) VALUES (22, '공지사항', '이것은 강의 관련 공지 내용입니다.', '2025-02-21', 12, '강남', 1, NULL, 1, NULL);
INSERT INTO TB_BOARD (BOARD_NO, TITLE, CONTENT, CREATE_DATE, COUNT, BRANCH, TYPE, FILE_PATH, USER_NO, CLASS_NO) VALUES (23, '출석 안내', '이것은 강의 관련 공지 내용입니다.', '2025-02-20', 71, '신촌', 1, '/files/dummy_23.pdf', 2, NULL);
INSERT INTO TB_BOARD (BOARD_NO, TITLE, CONTENT, CREATE_DATE, COUNT, BRANCH, TYPE, FILE_PATH, USER_NO, CLASS_NO) VALUES (24, '강의 공지', '이것은 강의 관련 공지 내용입니다.', '2025-03-08', 44, '신촌', 1, '/files/dummy_24.pdf', 3, NULL);
INSERT INTO TB_BOARD (BOARD_NO, TITLE, CONTENT, CREATE_DATE, COUNT, BRANCH, TYPE, FILE_PATH, USER_NO, CLASS_NO) VALUES (25, '과제 제출', '이것은 강의 관련 공지 내용입니다.', '2025-02-27', 90, '종로', 1, '/files/dummy_25.pdf', 1, NULL);
INSERT INTO TB_BOARD (BOARD_NO, TITLE, CONTENT, CREATE_DATE, COUNT, BRANCH, TYPE, FILE_PATH, USER_NO, CLASS_NO) VALUES (26, '시험 일정', '이것은 강의 관련 공지 내용입니다.', '2025-02-18', 38, '강남', 1, NULL, 1, NULL);
INSERT INTO TB_BOARD (BOARD_NO, TITLE, CONTENT, CREATE_DATE, COUNT, BRANCH, TYPE, FILE_PATH, USER_NO, CLASS_NO) VALUES (27, '출석 안내', '이것은 강의 관련 공지 내용입니다.', '2025-03-30', 39, '강남', 1, NULL, 1, NULL);
INSERT INTO TB_BOARD (BOARD_NO, TITLE, CONTENT, CREATE_DATE, COUNT, BRANCH, TYPE, FILE_PATH, USER_NO, CLASS_NO) VALUES (28, '과제 제출', '이것은 강의 관련 공지 내용입니다.', '2025-03-04', 97, '종로', 1, NULL, 3, NULL);
INSERT INTO TB_BOARD (BOARD_NO, TITLE, CONTENT, CREATE_DATE, COUNT, BRANCH, TYPE, FILE_PATH, USER_NO, CLASS_NO) VALUES (29, '시험 일정', '이것은 강의 관련 공지 내용입니다.', '2025-02-07', 23, '강남', 1, NULL, 1, NULL);
INSERT INTO TB_BOARD (BOARD_NO, TITLE, CONTENT, CREATE_DATE, COUNT, BRANCH, TYPE, FILE_PATH, USER_NO, CLASS_NO) VALUES (30, '출석 안내', '이것은 강의 관련 공지 내용입니다.', '2025-02-22', 94, '종로', 1, NULL, 1, NULL);
INSERT INTO TB_BOARD (BOARD_NO, TITLE, CONTENT, CREATE_DATE, COUNT, BRANCH, TYPE, FILE_PATH, USER_NO, CLASS_NO) VALUES (31, '강의 변경 안내', '수업 취소 안내에 대한 내용입니다.', '2025-02-16', 96, NULL, 2, NULL, 3020, 1002);
INSERT INTO TB_BOARD (BOARD_NO, TITLE, CONTENT, CREATE_DATE, COUNT, BRANCH, TYPE, FILE_PATH, USER_NO, CLASS_NO) VALUES (32, '수업 취소 안내', '강의 변경 안내에 대한 내용입니다.', '2025-02-01', 54, NULL, 2, NULL, 3017, 1001);
INSERT INTO TB_BOARD (BOARD_NO, TITLE, CONTENT, CREATE_DATE, COUNT, BRANCH, TYPE, FILE_PATH, USER_NO, CLASS_NO) VALUES (33, '우리반 공지', '발표 순서 안내에 대한 내용입니다.', '2025-03-19', 84, NULL, 2, NULL, 3007, 1004);
INSERT INTO TB_BOARD (BOARD_NO, TITLE, CONTENT, CREATE_DATE, COUNT, BRANCH, TYPE, FILE_PATH, USER_NO, CLASS_NO) VALUES (34, '수업 취소 안내', '강의 변경 안내에 대한 내용입니다.', '2025-02-01', 52, NULL, 2, NULL, 5000, 1002);
INSERT INTO TB_BOARD (BOARD_NO, TITLE, CONTENT, CREATE_DATE, COUNT, BRANCH, TYPE, FILE_PATH, USER_NO, CLASS_NO) VALUES (35, '수업 취소 안내', '강의 변경 안내에 대한 내용입니다.', '2025-03-06', 28, NULL, 2, NULL, 3014, 1002);
INSERT INTO TB_BOARD (BOARD_NO, TITLE, CONTENT, CREATE_DATE, COUNT, BRANCH, TYPE, FILE_PATH, USER_NO, CLASS_NO) VALUES (36, '발표 순서 안내', '수업 취소 안내에 대한 내용입니다.', '2025-04-01', 62, NULL, 2, NULL, 3009, 1002);
INSERT INTO TB_BOARD (BOARD_NO, TITLE, CONTENT, CREATE_DATE, COUNT, BRANCH, TYPE, FILE_PATH, USER_NO, CLASS_NO) VALUES (37, '우리반 공지', '발표 순서 안내에 대한 내용입니다.', '2025-02-23', 84, NULL, 2, NULL, 3030, 1001);
INSERT INTO TB_BOARD (BOARD_NO, TITLE, CONTENT, CREATE_DATE, COUNT, BRANCH, TYPE, FILE_PATH, USER_NO, CLASS_NO) VALUES (38, '우리반 공지', '강의 변경 안내에 대한 내용입니다.', '2025-03-20', 97, NULL, 2, NULL, 3001, 1001);
INSERT INTO TB_BOARD (BOARD_NO, TITLE, CONTENT, CREATE_DATE, COUNT, BRANCH, TYPE, FILE_PATH, USER_NO, CLASS_NO) VALUES (39, '발표 순서 안내', '조별 과제 공지에 대한 내용입니다.', '2025-03-28', 92, NULL, 2, NULL, 3018, 1002);
INSERT INTO TB_BOARD (BOARD_NO, TITLE, CONTENT, CREATE_DATE, COUNT, BRANCH, TYPE, FILE_PATH, USER_NO, CLASS_NO) VALUES (40, '강의 변경 안내', '발표 순서 안내에 대한 내용입니다.', '2025-02-13', 79, NULL, 2, NULL, 3002, 1004);
INSERT INTO TB_BOARD (BOARD_NO, TITLE, CONTENT, CREATE_DATE, COUNT, BRANCH, TYPE, FILE_PATH, USER_NO, CLASS_NO) VALUES (41, '우리반 공지', '강의 변경 안내에 대한 내용입니다.', '2025-03-27', 82, NULL, 2, '/files/dummy_type2.pdf', 3010, 1003);
INSERT INTO TB_BOARD (BOARD_NO, TITLE, CONTENT, CREATE_DATE, COUNT, BRANCH, TYPE, FILE_PATH, USER_NO, CLASS_NO) VALUES (42, '조별 과제 공지', '수업 취소 안내에 대한 내용입니다.', '2025-02-11', 14, NULL, 2, NULL, 3005, 1001);
INSERT INTO TB_BOARD (BOARD_NO, TITLE, CONTENT, CREATE_DATE, COUNT, BRANCH, TYPE, FILE_PATH, USER_NO, CLASS_NO) VALUES (43, '우리반 공지', '강의 변경 안내에 대한 내용입니다.', '2025-02-14', 12, NULL, 2, NULL, 3029, 1001);
INSERT INTO TB_BOARD (BOARD_NO, TITLE, CONTENT, CREATE_DATE, COUNT, BRANCH, TYPE, FILE_PATH, USER_NO, CLASS_NO) VALUES (44, '발표 순서 안내', '조별 과제 공지에 대한 내용입니다.', '2025-04-02', 92, NULL, 2, NULL, 3024, 1005);
INSERT INTO TB_BOARD (BOARD_NO, TITLE, CONTENT, CREATE_DATE, COUNT, BRANCH, TYPE, FILE_PATH, USER_NO, CLASS_NO) VALUES (45, '강의 변경 안내', '강의 변경 안내에 대한 내용입니다.', '2025-02-10', 15, NULL, 2, NULL, 3033, 1005);
INSERT INTO TB_BOARD (BOARD_NO, TITLE, CONTENT, CREATE_DATE, COUNT, BRANCH, TYPE, FILE_PATH, USER_NO, CLASS_NO) VALUES (46, '수업 취소 안내', '발표 순서 안내에 대한 내용입니다.', '2025-02-13', 35, NULL, 2, NULL, 3012, 1003);
INSERT INTO TB_BOARD (BOARD_NO, TITLE, CONTENT, CREATE_DATE, COUNT, BRANCH, TYPE, FILE_PATH, USER_NO, CLASS_NO) VALUES (47, '우리반 공지', '발표 순서 안내에 대한 내용입니다.', '2025-02-26', 60, NULL, 2, '/files/dummy_type2.pdf', 3031, 1005);
INSERT INTO TB_BOARD (BOARD_NO, TITLE, CONTENT, CREATE_DATE, COUNT, BRANCH, TYPE, FILE_PATH, USER_NO, CLASS_NO) VALUES (48, '우리반 공지', '강의 변경 안내에 대한 내용입니다.', '2025-03-18', 92, NULL, 2, NULL, 3032, 1002);
INSERT INTO TB_BOARD (BOARD_NO, TITLE, CONTENT, CREATE_DATE, COUNT, BRANCH, TYPE, FILE_PATH, USER_NO, CLASS_NO) VALUES (49, '우리반 공지', '강의 변경 안내에 대한 내용입니다.', '2025-02-04', 59, NULL, 2, NULL, 3000, 1005);
INSERT INTO TB_BOARD (BOARD_NO, TITLE, CONTENT, CREATE_DATE, COUNT, BRANCH, TYPE, FILE_PATH, USER_NO, CLASS_NO) VALUES (50, '우리반 공지', '수업 취소 안내에 대한 내용입니다.', '2025-03-24', 35, NULL, 2, NULL, 5001, 1001);
INSERT INTO TB_BOARD (BOARD_NO, TITLE, CONTENT, CREATE_DATE, COUNT, BRANCH, TYPE, FILE_PATH, USER_NO, CLASS_NO) VALUES (51, '발표 순서 안내', '수업 취소 안내에 대한 내용입니다.', '2025-02-01', 10, NULL, 2, NULL, 3008, 1004);
INSERT INTO TB_BOARD (BOARD_NO, TITLE, CONTENT, CREATE_DATE, COUNT, BRANCH, TYPE, FILE_PATH, USER_NO, CLASS_NO) VALUES (52, '강의 변경 안내', '수업 취소 안내에 대한 내용입니다.', '2025-02-18', 80, NULL, 2, NULL, 3016, 1002);
INSERT INTO TB_BOARD (BOARD_NO, TITLE, CONTENT, CREATE_DATE, COUNT, BRANCH, TYPE, FILE_PATH, USER_NO, CLASS_NO) VALUES (53, '수업 취소 안내', '조별 과제 공지에 대한 내용입니다.', '2025-03-21', 92, NULL, 2, '/files/dummy_type2.pdf', 3004, 1005);
INSERT INTO TB_BOARD (BOARD_NO, TITLE, CONTENT, CREATE_DATE, COUNT, BRANCH, TYPE, FILE_PATH, USER_NO, CLASS_NO) VALUES (54, '조별 과제 공지', '우리반 공지에 대한 내용입니다.', '2025-02-10', 99, NULL, 2, '/files/dummy_type2.pdf', 3021, 1003);
INSERT INTO TB_BOARD (BOARD_NO, TITLE, CONTENT, CREATE_DATE, COUNT, BRANCH, TYPE, FILE_PATH, USER_NO, CLASS_NO) VALUES (55, '우리반 공지', '강의 변경 안내에 대한 내용입니다.', '2025-02-26', 48, NULL, 2, NULL, 3026, 1005);
INSERT INTO TB_BOARD (BOARD_NO, TITLE, CONTENT, CREATE_DATE, COUNT, BRANCH, TYPE, FILE_PATH, USER_NO, CLASS_NO) VALUES (56, '강의 변경 안내', '발표 순서 안내에 대한 내용입니다.', '2025-03-17', 71, NULL, 2, '/files/dummy_type2.pdf', 3019, 1005);
INSERT INTO TB_BOARD (BOARD_NO, TITLE, CONTENT, CREATE_DATE, COUNT, BRANCH, TYPE, FILE_PATH, USER_NO, CLASS_NO) VALUES (57, '수업 취소 안내', '발표 순서 안내에 대한 내용입니다.', '2025-02-13', 54, NULL, 2, NULL, 3013, 1005);
INSERT INTO TB_BOARD (BOARD_NO, TITLE, CONTENT, CREATE_DATE, COUNT, BRANCH, TYPE, FILE_PATH, USER_NO, CLASS_NO) VALUES (58, '강의 변경 안내', '발표 순서 안내에 대한 내용입니다.', '2025-02-01', 95, NULL, 2, NULL, 3015, 1004);
INSERT INTO TB_BOARD (BOARD_NO, TITLE, CONTENT, CREATE_DATE, COUNT, BRANCH, TYPE, FILE_PATH, USER_NO, CLASS_NO) VALUES (59, '강의 변경 안내', '우리반 공지에 대한 내용입니다.', '2025-03-13', 20, NULL, 2, NULL, 3034, 1005);
INSERT INTO TB_BOARD (BOARD_NO, TITLE, CONTENT, CREATE_DATE, COUNT, BRANCH, TYPE, FILE_PATH, USER_NO, CLASS_NO) VALUES (60, '발표 순서 안내', '발표 순서 안내에 대한 내용입니다.', '2025-03-06', 48, NULL, 2, NULL, 3035, 1002);
INSERT INTO TB_BOARD (BOARD_NO, TITLE, CONTENT, CREATE_DATE, COUNT, BRANCH, TYPE, FILE_PATH, USER_NO, CLASS_NO) VALUES (61, '연수 안내', '이것은 TYPE3에 해당하는 게시판 내용입니다.', '2025-03-18', 66, NULL, 3, '/files/dummy_61.pdf', 3, NULL);
INSERT INTO TB_BOARD (BOARD_NO, TITLE, CONTENT, CREATE_DATE, COUNT, BRANCH, TYPE, FILE_PATH, USER_NO, CLASS_NO) VALUES (62, '보안 교육', '이것은 TYPE3에 해당하는 게시판 내용입니다.', '2025-02-10', 97, NULL, 3, NULL, 3, NULL);
INSERT INTO TB_BOARD (BOARD_NO, TITLE, CONTENT, CREATE_DATE, COUNT, BRANCH, TYPE, FILE_PATH, USER_NO, CLASS_NO) VALUES (63, '연수 안내', '이것은 TYPE3에 해당하는 게시판 내용입니다.', '2025-02-16', 88, NULL, 3, '/files/dummy_63.pdf', 2, NULL);
INSERT INTO TB_BOARD (BOARD_NO, TITLE, CONTENT, CREATE_DATE, COUNT, BRANCH, TYPE, FILE_PATH, USER_NO, CLASS_NO) VALUES (64, '연수 안내', '이것은 TYPE3에 해당하는 게시판 내용입니다.', '2025-03-01', 67, NULL, 3, NULL, 1, NULL);
INSERT INTO TB_BOARD (BOARD_NO, TITLE, CONTENT, CREATE_DATE, COUNT, BRANCH, TYPE, FILE_PATH, USER_NO, CLASS_NO) VALUES (65, '연수 안내', '이것은 TYPE3에 해당하는 게시판 내용입니다.', '2025-03-22', 26, NULL, 3, NULL, 1, NULL);
INSERT INTO TB_BOARD (BOARD_NO, TITLE, CONTENT, CREATE_DATE, COUNT, BRANCH, TYPE, FILE_PATH, USER_NO, CLASS_NO) VALUES (66, '연수 안내', '이것은 TYPE3에 해당하는 게시판 내용입니다.', '2025-03-11', 14, NULL, 3, NULL, 2, NULL);
INSERT INTO TB_BOARD (BOARD_NO, TITLE, CONTENT, CREATE_DATE, COUNT, BRANCH, TYPE, FILE_PATH, USER_NO, CLASS_NO) VALUES (67, '보안 교육', '이것은 TYPE3에 해당하는 게시판 내용입니다.', '2025-02-13', 71, NULL, 3, NULL, 2, NULL);
INSERT INTO TB_BOARD (BOARD_NO, TITLE, CONTENT, CREATE_DATE, COUNT, BRANCH, TYPE, FILE_PATH, USER_NO, CLASS_NO) VALUES (68, '보안 교육', '이것은 TYPE3에 해당하는 게시판 내용입니다.', '2025-03-20', 36, NULL, 3, '/files/dummy_68.pdf', 3, NULL);
INSERT INTO TB_BOARD (BOARD_NO, TITLE, CONTENT, CREATE_DATE, COUNT, BRANCH, TYPE, FILE_PATH, USER_NO, CLASS_NO) VALUES (69, '보안 교육', '이것은 TYPE3에 해당하는 게시판 내용입니다.', '2025-03-08', 94, NULL, 3, NULL, 3, NULL);
INSERT INTO TB_BOARD (BOARD_NO, TITLE, CONTENT, CREATE_DATE, COUNT, BRANCH, TYPE, FILE_PATH, USER_NO, CLASS_NO) VALUES (70, '보안 교육', '이것은 TYPE3에 해당하는 게시판 내용입니다.', '2025-02-13', 56, NULL, 3, '/files/dummy_70.pdf', 2, NULL);
INSERT INTO TB_BOARD (BOARD_NO, TITLE, CONTENT, CREATE_DATE, COUNT, BRANCH, TYPE, FILE_PATH, USER_NO, CLASS_NO) VALUES (71, '연수 안내', '이것은 TYPE3에 해당하는 게시판 내용입니다.', '2025-02-24', 30, NULL, 3, NULL, 1, NULL);
INSERT INTO TB_BOARD (BOARD_NO, TITLE, CONTENT, CREATE_DATE, COUNT, BRANCH, TYPE, FILE_PATH, USER_NO, CLASS_NO) VALUES (72, '연수 안내', '이것은 TYPE3에 해당하는 게시판 내용입니다.', '2025-03-13', 90, NULL, 3, '/files/dummy_72.pdf', 1, NULL);
INSERT INTO TB_BOARD (BOARD_NO, TITLE, CONTENT, CREATE_DATE, COUNT, BRANCH, TYPE, FILE_PATH, USER_NO, CLASS_NO) VALUES (73, '교직원 회의', '이것은 TYPE3에 해당하는 게시판 내용입니다.', '2025-02-20', 36, NULL, 3, '/files/dummy_73.pdf', 3, NULL);
INSERT INTO TB_BOARD (BOARD_NO, TITLE, CONTENT, CREATE_DATE, COUNT, BRANCH, TYPE, FILE_PATH, USER_NO, CLASS_NO) VALUES (74, '연수 안내', '이것은 TYPE3에 해당하는 게시판 내용입니다.', '2025-03-29', 35, NULL, 3, NULL, 3, NULL);
INSERT INTO TB_BOARD (BOARD_NO, TITLE, CONTENT, CREATE_DATE, COUNT, BRANCH, TYPE, FILE_PATH, USER_NO, CLASS_NO) VALUES (75, '교직원 회의', '이것은 TYPE3에 해당하는 게시판 내용입니다.', '2025-02-02', 37, NULL, 3, NULL, 2, NULL);
INSERT INTO TB_BOARD (BOARD_NO, TITLE, CONTENT, CREATE_DATE, COUNT, BRANCH, TYPE, FILE_PATH, USER_NO, CLASS_NO) VALUES (76, '보안 교육', '이것은 TYPE3에 해당하는 게시판 내용입니다.', '2025-02-03', 52, NULL, 3, '/files/dummy_76.pdf', 2, NULL);
INSERT INTO TB_BOARD (BOARD_NO, TITLE, CONTENT, CREATE_DATE, COUNT, BRANCH, TYPE, FILE_PATH, USER_NO, CLASS_NO) VALUES (77, '연수 안내', '이것은 TYPE3에 해당하는 게시판 내용입니다.', '2025-02-04', 15, NULL, 3, '/files/dummy_77.pdf', 3, NULL);
INSERT INTO TB_BOARD (BOARD_NO, TITLE, CONTENT, CREATE_DATE, COUNT, BRANCH, TYPE, FILE_PATH, USER_NO, CLASS_NO) VALUES (78, '사내 이벤트 안내', '이것은 TYPE3에 해당하는 게시판 내용입니다.', '2025-02-09', 21, NULL, 3, NULL, 1, NULL);
INSERT INTO TB_BOARD (BOARD_NO, TITLE, CONTENT, CREATE_DATE, COUNT, BRANCH, TYPE, FILE_PATH, USER_NO, CLASS_NO) VALUES (79, '교직원 회의', '이것은 TYPE3에 해당하는 게시판 내용입니다.', '2025-03-11', 84, NULL, 3, NULL, 2, NULL);
INSERT INTO TB_BOARD (BOARD_NO, TITLE, CONTENT, CREATE_DATE, COUNT, BRANCH, TYPE, FILE_PATH, USER_NO, CLASS_NO) VALUES (80, '교직원 회의', '이것은 TYPE3에 해당하는 게시판 내용입니다.', '2025-02-16', 58, NULL, 3, '/files/dummy_80.pdf', 2, NULL);
INSERT INTO TB_BOARD (BOARD_NO, TITLE, CONTENT, CREATE_DATE, COUNT, BRANCH, TYPE, FILE_PATH, USER_NO, CLASS_NO) VALUES (81, '사내 이벤트 안내', '이것은 TYPE3에 해당하는 게시판 내용입니다.', '2025-03-17', 45, NULL, 3, NULL, 3, NULL);
INSERT INTO TB_BOARD (BOARD_NO, TITLE, CONTENT, CREATE_DATE, COUNT, BRANCH, TYPE, FILE_PATH, USER_NO, CLASS_NO) VALUES (82, '보안 교육', '이것은 TYPE3에 해당하는 게시판 내용입니다.', '2025-02-22', 80, NULL, 3, NULL, 1, NULL);
INSERT INTO TB_BOARD (BOARD_NO, TITLE, CONTENT, CREATE_DATE, COUNT, BRANCH, TYPE, FILE_PATH, USER_NO, CLASS_NO) VALUES (83, '보안 교육', '이것은 TYPE3에 해당하는 게시판 내용입니다.', '2025-02-19', 16, NULL, 3, NULL, 3, NULL);
INSERT INTO TB_BOARD (BOARD_NO, TITLE, CONTENT, CREATE_DATE, COUNT, BRANCH, TYPE, FILE_PATH, USER_NO, CLASS_NO) VALUES (84, '연수 안내', '이것은 TYPE3에 해당하는 게시판 내용입니다.', '2025-03-20', 53, NULL, 3, NULL, 2, NULL);
INSERT INTO TB_BOARD (BOARD_NO, TITLE, CONTENT, CREATE_DATE, COUNT, BRANCH, TYPE, FILE_PATH, USER_NO, CLASS_NO) VALUES (85, '연수 안내', '이것은 TYPE3에 해당하는 게시판 내용입니다.', '2025-03-28', 37, NULL, 3, '/files/dummy_85.pdf', 2, NULL);
INSERT INTO TB_BOARD (BOARD_NO, TITLE, CONTENT, CREATE_DATE, COUNT, BRANCH, TYPE, FILE_PATH, USER_NO, CLASS_NO) VALUES (86, '휴무 일정 안내', '이것은 TYPE3에 해당하는 게시판 내용입니다.', '2025-02-23', 92, NULL, 3, NULL, 2, NULL);
INSERT INTO TB_BOARD (BOARD_NO, TITLE, CONTENT, CREATE_DATE, COUNT, BRANCH, TYPE, FILE_PATH, USER_NO, CLASS_NO) VALUES (87, '연수 안내', '이것은 TYPE3에 해당하는 게시판 내용입니다.', '2025-03-17', 32, NULL, 3, NULL, 1, NULL);
INSERT INTO TB_BOARD (BOARD_NO, TITLE, CONTENT, CREATE_DATE, COUNT, BRANCH, TYPE, FILE_PATH, USER_NO, CLASS_NO) VALUES (88, '교직원 회의', '이것은 TYPE3에 해당하는 게시판 내용입니다.', '2025-03-06', 32, NULL, 3, NULL, 1, NULL);
INSERT INTO TB_BOARD (BOARD_NO, TITLE, CONTENT, CREATE_DATE, COUNT, BRANCH, TYPE, FILE_PATH, USER_NO, CLASS_NO) VALUES (89, '보안 교육', '이것은 TYPE3에 해당하는 게시판 내용입니다.', '2025-03-18', 62, NULL, 3, '/files/dummy_89.pdf', 1, NULL);
INSERT INTO TB_BOARD (BOARD_NO, TITLE, CONTENT, CREATE_DATE, COUNT, BRANCH, TYPE, FILE_PATH, USER_NO, CLASS_NO) VALUES (90, '휴무 일정 안내', '이것은 TYPE3에 해당하는 게시판 내용입니다.', '2025-03-23', 45, NULL, 3, NULL, 2, NULL);

INSERT INTO TB_CERTIFICATE (CERT_NO, UNIT_NAME, EVAL_DATE, MAIN_SCORE, FINAL_SCORE, CERT_LEVEL, RESULT, FILE_PATH, USER_NO) VALUES (1, 'Java 프로그래밍', '2024-10-16', NULL, 68.3, NULL, '통과', '/certs/cert_1.pdf', 5);
INSERT INTO TB_CERTIFICATE (CERT_NO, UNIT_NAME, EVAL_DATE, MAIN_SCORE, FINAL_SCORE, CERT_LEVEL, RESULT, FILE_PATH, USER_NO) VALUES (2, '데이터베이스', '2024-12-18', 67.7, NULL, 2.0, '재시험', NULL, 8);
INSERT INTO TB_CERTIFICATE (CERT_NO, UNIT_NAME, EVAL_DATE, MAIN_SCORE, FINAL_SCORE, CERT_LEVEL, RESULT, FILE_PATH, USER_NO) VALUES (3, '알고리즘', '2024-09-21', 94.7, 91.9, NULL, '통과', '/certs/cert_3.pdf', 2);
INSERT INTO TB_CERTIFICATE (CERT_NO, UNIT_NAME, EVAL_DATE, MAIN_SCORE, FINAL_SCORE, CERT_LEVEL, RESULT, FILE_PATH, USER_NO) VALUES (4, '자료구조', '2024-10-13', 74.7, NULL, NULL, '재시험', NULL, 2);
INSERT INTO TB_CERTIFICATE (CERT_NO, UNIT_NAME, EVAL_DATE, MAIN_SCORE, FINAL_SCORE, CERT_LEVEL, RESULT, FILE_PATH, USER_NO) VALUES (5, 'Spring 기초', '2024-12-15', 75.4, NULL, NULL, '재시험', NULL, 10);
INSERT INTO TB_CERTIFICATE (CERT_NO, UNIT_NAME, EVAL_DATE, MAIN_SCORE, FINAL_SCORE, CERT_LEVEL, RESULT, FILE_PATH, USER_NO) VALUES (6, 'Spring 기초', '2025-02-26', 65.2, 60.7, 2.0, '재시험', '/certs/cert_6.pdf', 9);
INSERT INTO TB_CERTIFICATE (CERT_NO, UNIT_NAME, EVAL_DATE, MAIN_SCORE, FINAL_SCORE, CERT_LEVEL, RESULT, FILE_PATH, USER_NO) VALUES (7, '웹 개발', '2024-08-28', NULL, 99.7, 1.0, '통과', '/certs/cert_7.pdf', 4);
INSERT INTO TB_CERTIFICATE (CERT_NO, UNIT_NAME, EVAL_DATE, MAIN_SCORE, FINAL_SCORE, CERT_LEVEL, RESULT, FILE_PATH, USER_NO) VALUES (8, '웹 개발', '2024-09-24', NULL, 79.0, 2.0, '재시험', NULL, 4);
INSERT INTO TB_CERTIFICATE (CERT_NO, UNIT_NAME, EVAL_DATE, MAIN_SCORE, FINAL_SCORE, CERT_LEVEL, RESULT, FILE_PATH, USER_NO) VALUES (9, 'SQL 활용', '2025-03-26', NULL, NULL, 2.0, '재시험', '/certs/cert_9.pdf', 9);
INSERT INTO TB_CERTIFICATE (CERT_NO, UNIT_NAME, EVAL_DATE, MAIN_SCORE, FINAL_SCORE, CERT_LEVEL, RESULT, FILE_PATH, USER_NO) VALUES (10, '알고리즘', '2025-01-07', 91.5, 99.6, 1.0, '통과', '/certs/cert_10.pdf', 1);
INSERT INTO TB_CERTIFICATE (CERT_NO, UNIT_NAME, EVAL_DATE, MAIN_SCORE, FINAL_SCORE, CERT_LEVEL, RESULT, FILE_PATH, USER_NO) VALUES (11, '데이터베이스', '2024-12-06', NULL, 73.4, NULL, '재시험', NULL, 1);
INSERT INTO TB_CERTIFICATE (CERT_NO, UNIT_NAME, EVAL_DATE, MAIN_SCORE, FINAL_SCORE, CERT_LEVEL, RESULT, FILE_PATH, USER_NO) VALUES (12, 'Java 프로그래밍', '2025-02-13', NULL, NULL, 1.0, '통과', NULL, 7);
INSERT INTO TB_CERTIFICATE (CERT_NO, UNIT_NAME, EVAL_DATE, MAIN_SCORE, FINAL_SCORE, CERT_LEVEL, RESULT, FILE_PATH, USER_NO) VALUES (13, 'Spring 기초', '2024-08-05', NULL, NULL, 2.0, '통과', NULL, 8);
INSERT INTO TB_CERTIFICATE (CERT_NO, UNIT_NAME, EVAL_DATE, MAIN_SCORE, FINAL_SCORE, CERT_LEVEL, RESULT, FILE_PATH, USER_NO) VALUES (14, '데이터베이스', '2024-12-10', NULL, NULL, 2.0, '재시험', NULL, 6);
INSERT INTO TB_CERTIFICATE (CERT_NO, UNIT_NAME, EVAL_DATE, MAIN_SCORE, FINAL_SCORE, CERT_LEVEL, RESULT, FILE_PATH, USER_NO) VALUES (15, '알고리즘', '2024-11-04', 68.7, NULL, 1.0, '재시험', NULL, 7);
INSERT INTO TB_CERTIFICATE (CERT_NO, UNIT_NAME, EVAL_DATE, MAIN_SCORE, FINAL_SCORE, CERT_LEVEL, RESULT, FILE_PATH, USER_NO) VALUES (16, '알고리즘', '2024-11-10', 71.1, 84.3, NULL, '재시험', NULL, 10);
INSERT INTO TB_CERTIFICATE (CERT_NO, UNIT_NAME, EVAL_DATE, MAIN_SCORE, FINAL_SCORE, CERT_LEVEL, RESULT, FILE_PATH, USER_NO) VALUES (17, 'Java 프로그래밍', '2024-07-02', NULL, NULL, NULL, '통과', '/certs/cert_17.pdf', 4);
INSERT INTO TB_CERTIFICATE (CERT_NO, UNIT_NAME, EVAL_DATE, MAIN_SCORE, FINAL_SCORE, CERT_LEVEL, RESULT, FILE_PATH, USER_NO) VALUES (18, 'SQL 활용', '2024-12-04', 87.8, 93.8, NULL, '통과', NULL, 1);
INSERT INTO TB_CERTIFICATE (CERT_NO, UNIT_NAME, EVAL_DATE, MAIN_SCORE, FINAL_SCORE, CERT_LEVEL, RESULT, FILE_PATH, USER_NO) VALUES (19, '데이터베이스', '2024-09-08', NULL, NULL, 2.0, '통과', '/certs/cert_19.pdf', 8);
INSERT INTO TB_CERTIFICATE (CERT_NO, UNIT_NAME, EVAL_DATE, MAIN_SCORE, FINAL_SCORE, CERT_LEVEL, RESULT, FILE_PATH, USER_NO) VALUES (20, '알고리즘', '2025-01-05', NULL, 76.4, 2.0, '재시험', NULL, 2);
INSERT INTO TB_CERTIFICATE (CERT_NO, UNIT_NAME, EVAL_DATE, MAIN_SCORE, FINAL_SCORE, CERT_LEVEL, RESULT, FILE_PATH, USER_NO) VALUES (21, 'Spring 기초', '2024-08-20', NULL, 80.4, 1.0, '통과', '/certs/cert_21.pdf', 5);
INSERT INTO TB_CERTIFICATE (CERT_NO, UNIT_NAME, EVAL_DATE, MAIN_SCORE, FINAL_SCORE, CERT_LEVEL, RESULT, FILE_PATH, USER_NO) VALUES (22, 'Spring 기초', '2025-01-13', 73.0, NULL, NULL, '재시험', '/certs/cert_22.pdf', 5);
INSERT INTO TB_CERTIFICATE (CERT_NO, UNIT_NAME, EVAL_DATE, MAIN_SCORE, FINAL_SCORE, CERT_LEVEL, RESULT, FILE_PATH, USER_NO) VALUES (23, 'Spring 기초', '2024-09-21', NULL, NULL, 2.0, '통과', '/certs/cert_23.pdf', 10);
INSERT INTO TB_CERTIFICATE (CERT_NO, UNIT_NAME, EVAL_DATE, MAIN_SCORE, FINAL_SCORE, CERT_LEVEL, RESULT, FILE_PATH, USER_NO) VALUES (24, '웹 개발', '2024-07-27', 93.6, NULL, 1.0, '재시험', NULL, 9);
INSERT INTO TB_CERTIFICATE (CERT_NO, UNIT_NAME, EVAL_DATE, MAIN_SCORE, FINAL_SCORE, CERT_LEVEL, RESULT, FILE_PATH, USER_NO) VALUES (25, '웹 개발', '2024-10-10', 91.6, NULL, 1.0, '재시험', '/certs/cert_25.pdf', 9);
INSERT INTO TB_CERTIFICATE (CERT_NO, UNIT_NAME, EVAL_DATE, MAIN_SCORE, FINAL_SCORE, CERT_LEVEL, RESULT, FILE_PATH, USER_NO) VALUES (26, '알고리즘', '2024-07-05', NULL, NULL, NULL, '재시험', NULL, 10);
INSERT INTO TB_CERTIFICATE (CERT_NO, UNIT_NAME, EVAL_DATE, MAIN_SCORE, FINAL_SCORE, CERT_LEVEL, RESULT, FILE_PATH, USER_NO) VALUES (27, 'SQL 활용', '2025-03-01', 84.1, NULL, NULL, '통과', '/certs/cert_27.pdf', 7);
INSERT INTO TB_CERTIFICATE (CERT_NO, UNIT_NAME, EVAL_DATE, MAIN_SCORE, FINAL_SCORE, CERT_LEVEL, RESULT, FILE_PATH, USER_NO) VALUES (28, '데이터베이스', '2024-10-31', 93.6, NULL, 1.0, '재시험', NULL, 1);
INSERT INTO TB_CERTIFICATE (CERT_NO, UNIT_NAME, EVAL_DATE, MAIN_SCORE, FINAL_SCORE, CERT_LEVEL, RESULT, FILE_PATH, USER_NO) VALUES (29, '알고리즘', '2025-03-20', NULL, 87.6, NULL, '통과', NULL, 5);
INSERT INTO TB_CERTIFICATE (CERT_NO, UNIT_NAME, EVAL_DATE, MAIN_SCORE, FINAL_SCORE, CERT_LEVEL, RESULT, FILE_PATH, USER_NO) VALUES (30, '웹 개발', '2024-12-19', 95.4, 86.5, 2.0, '재시험', NULL, 4);
INSERT INTO TB_CERTIFICATE (CERT_NO, UNIT_NAME, EVAL_DATE, MAIN_SCORE, FINAL_SCORE, CERT_LEVEL, RESULT, FILE_PATH, USER_NO) VALUES (31, 'Java 프로그래밍', '2025-01-25', NULL, NULL, NULL, '통과', NULL, 10);
INSERT INTO TB_CERTIFICATE (CERT_NO, UNIT_NAME, EVAL_DATE, MAIN_SCORE, FINAL_SCORE, CERT_LEVEL, RESULT, FILE_PATH, USER_NO) VALUES (32, 'SQL 활용', '2024-09-25', NULL, NULL, 1.0, '재시험', '/certs/cert_32.pdf', 8);
INSERT INTO TB_CERTIFICATE (CERT_NO, UNIT_NAME, EVAL_DATE, MAIN_SCORE, FINAL_SCORE, CERT_LEVEL, RESULT, FILE_PATH, USER_NO) VALUES (33, '웹 개발', '2025-01-03', 70.3, NULL, 2.0, '통과', '/certs/cert_33.pdf', 5);
INSERT INTO TB_CERTIFICATE (CERT_NO, UNIT_NAME, EVAL_DATE, MAIN_SCORE, FINAL_SCORE, CERT_LEVEL, RESULT, FILE_PATH, USER_NO) VALUES (34, '알고리즘', '2025-03-23', 84.5, 80.8, 1.0, '재시험', NULL, 3);
INSERT INTO TB_CERTIFICATE (CERT_NO, UNIT_NAME, EVAL_DATE, MAIN_SCORE, FINAL_SCORE, CERT_LEVEL, RESULT, FILE_PATH, USER_NO) VALUES (35, 'Spring 기초', '2024-08-07', 67.8, 68.1, NULL, '재시험', '/certs/cert_35.pdf', 4);
INSERT INTO TB_CERTIFICATE (CERT_NO, UNIT_NAME, EVAL_DATE, MAIN_SCORE, FINAL_SCORE, CERT_LEVEL, RESULT, FILE_PATH, USER_NO) VALUES (36, '알고리즘', '2024-08-30', 87.4, NULL, NULL, '재시험', NULL, 7);
INSERT INTO TB_CERTIFICATE (CERT_NO, UNIT_NAME, EVAL_DATE, MAIN_SCORE, FINAL_SCORE, CERT_LEVEL, RESULT, FILE_PATH, USER_NO) VALUES (37, '웹 개발', '2024-12-02', NULL, 85.0, 1.0, '재시험', '/certs/cert_37.pdf', 8);
INSERT INTO TB_CERTIFICATE (CERT_NO, UNIT_NAME, EVAL_DATE, MAIN_SCORE, FINAL_SCORE, CERT_LEVEL, RESULT, FILE_PATH, USER_NO) VALUES (38, '웹 개발', '2024-06-13', NULL, 67.5, NULL, '통과', NULL, 9);
INSERT INTO TB_CERTIFICATE (CERT_NO, UNIT_NAME, EVAL_DATE, MAIN_SCORE, FINAL_SCORE, CERT_LEVEL, RESULT, FILE_PATH, USER_NO) VALUES (39, '자료구조', '2025-02-16', NULL, NULL, NULL, '통과', '/certs/cert_39.pdf', 2);
INSERT INTO TB_CERTIFICATE (CERT_NO, UNIT_NAME, EVAL_DATE, MAIN_SCORE, FINAL_SCORE, CERT_LEVEL, RESULT, FILE_PATH, USER_NO) VALUES (40, '웹 개발', '2024-08-12', 84.7, NULL, 2.0, '통과', NULL, 5);
INSERT INTO TB_CERTIFICATE (CERT_NO, UNIT_NAME, EVAL_DATE, MAIN_SCORE, FINAL_SCORE, CERT_LEVEL, RESULT, FILE_PATH, USER_NO) VALUES (41, '웹 개발', '2024-07-26', NULL, NULL, 1.0, '재시험', '/certs/cert_41.pdf', 10);
INSERT INTO TB_CERTIFICATE (CERT_NO, UNIT_NAME, EVAL_DATE, MAIN_SCORE, FINAL_SCORE, CERT_LEVEL, RESULT, FILE_PATH, USER_NO) VALUES (42, '자료구조', '2024-11-07', 78.4, NULL, NULL, '통과', NULL, 10);
INSERT INTO TB_CERTIFICATE (CERT_NO, UNIT_NAME, EVAL_DATE, MAIN_SCORE, FINAL_SCORE, CERT_LEVEL, RESULT, FILE_PATH, USER_NO) VALUES (43, 'SQL 활용', '2024-10-26', 91.4, NULL, NULL, '재시험', '/certs/cert_43.pdf', 4);
INSERT INTO TB_CERTIFICATE (CERT_NO, UNIT_NAME, EVAL_DATE, MAIN_SCORE, FINAL_SCORE, CERT_LEVEL, RESULT, FILE_PATH, USER_NO) VALUES (44, 'Java 프로그래밍', '2024-06-27', NULL, 95.7, 1.0, '통과', NULL, 4);
INSERT INTO TB_CERTIFICATE (CERT_NO, UNIT_NAME, EVAL_DATE, MAIN_SCORE, FINAL_SCORE, CERT_LEVEL, RESULT, FILE_PATH, USER_NO) VALUES (45, 'Java 프로그래밍', '2024-11-25', 67.4, 99.4, 2.0, '통과', NULL, 4);
INSERT INTO TB_CERTIFICATE (CERT_NO, UNIT_NAME, EVAL_DATE, MAIN_SCORE, FINAL_SCORE, CERT_LEVEL, RESULT, FILE_PATH, USER_NO) VALUES (46, '알고리즘', '2025-03-28', 67.4, NULL, NULL, '통과', NULL, 1);
INSERT INTO TB_CERTIFICATE (CERT_NO, UNIT_NAME, EVAL_DATE, MAIN_SCORE, FINAL_SCORE, CERT_LEVEL, RESULT, FILE_PATH, USER_NO) VALUES (47, 'SQL 활용', '2025-01-08', NULL, NULL, 2.0, '통과', '/certs/cert_47.pdf', 1);
INSERT INTO TB_CERTIFICATE (CERT_NO, UNIT_NAME, EVAL_DATE, MAIN_SCORE, FINAL_SCORE, CERT_LEVEL, RESULT, FILE_PATH, USER_NO) VALUES (48, 'SQL 활용', '2025-01-04', 61.2, NULL, 2.0, '재시험', NULL, 6);
INSERT INTO TB_CERTIFICATE (CERT_NO, UNIT_NAME, EVAL_DATE, MAIN_SCORE, FINAL_SCORE, CERT_LEVEL, RESULT, FILE_PATH, USER_NO) VALUES (49, '데이터베이스', '2024-09-22', NULL, NULL, 1.0, '재시험', NULL, 9);
INSERT INTO TB_CERTIFICATE (CERT_NO, UNIT_NAME, EVAL_DATE, MAIN_SCORE, FINAL_SCORE, CERT_LEVEL, RESULT, FILE_PATH, USER_NO) VALUES (50, '데이터베이스', '2025-03-10', 69.1, NULL, 2.0, '통과', NULL, 5);

INSERT INTO TB_LEAVE (LEAVE_NO, TYPE, CATEGORY, START_DATE, END_DATE, DAYS_DEDUCTED, REASON, STATUS, FILE_PATH, REQUEST_DATE, APPROVE_DATE, REJECT_REASON, USER_NO) VALUES (1, 1, 3, '2025-03-17', '2025-03-17', 0.5, '개인 사유', 2, NULL, '2025-03-15', NULL, '사유 불충분', 5);
INSERT INTO TB_LEAVE (LEAVE_NO, TYPE, CATEGORY, START_DATE, END_DATE, DAYS_DEDUCTED, REASON, STATUS, FILE_PATH, REQUEST_DATE, APPROVE_DATE, REJECT_REASON, USER_NO) VALUES (2, 1, 2, '2025-03-23', '2025-03-23', 0.5, '병원 예약', 2, NULL, '2025-03-14', NULL, '사유 불충분', 2);
INSERT INTO TB_LEAVE (LEAVE_NO, TYPE, CATEGORY, START_DATE, END_DATE, DAYS_DEDUCTED, REASON, STATUS, FILE_PATH, REQUEST_DATE, APPROVE_DATE, REJECT_REASON, USER_NO) VALUES (3, 1, 1, '2025-03-03', '2025-03-04', 1.0, '개인 사유', 3, NULL, '2025-03-01', NULL, '검토 예정', 5);
INSERT INTO TB_LEAVE (LEAVE_NO, TYPE, CATEGORY, START_DATE, END_DATE, DAYS_DEDUCTED, REASON, STATUS, FILE_PATH, REQUEST_DATE, APPROVE_DATE, REJECT_REASON, USER_NO) VALUES (4, 1, 3, '2025-03-25', '2025-03-25', 0.5, '병원 예약', 3, '/leave_docs/leave_4.pdf', '2025-03-20', NULL, '검토 예정', 5);
INSERT INTO TB_LEAVE (LEAVE_NO, TYPE, CATEGORY, START_DATE, END_DATE, DAYS_DEDUCTED, REASON, STATUS, FILE_PATH, REQUEST_DATE, APPROVE_DATE, REJECT_REASON, USER_NO) VALUES (5, 1, 3, '2025-02-11', '2025-02-11', 0.5, '컨디션 난조', 3, NULL, '2025-02-01', NULL, '검토 예정', 8);
INSERT INTO TB_LEAVE (LEAVE_NO, TYPE, CATEGORY, START_DATE, END_DATE, DAYS_DEDUCTED, REASON, STATUS, FILE_PATH, REQUEST_DATE, APPROVE_DATE, REJECT_REASON, USER_NO) VALUES (6, 1, 3, '2025-02-20', '2025-02-20', 0.5, '가족 행사', 1, '/leave_docs/leave_6.pdf', '2025-02-18', '2025-02-19', '승인됨', 10);
INSERT INTO TB_LEAVE (LEAVE_NO, TYPE, CATEGORY, START_DATE, END_DATE, DAYS_DEDUCTED, REASON, STATUS, FILE_PATH, REQUEST_DATE, APPROVE_DATE, REJECT_REASON, USER_NO) VALUES (7, 1, 3, '2025-02-25', '2025-02-25', 0.5, '병원 예약', 3, NULL, '2025-02-16', NULL, '검토 예정', 7);
INSERT INTO TB_LEAVE (LEAVE_NO, TYPE, CATEGORY, START_DATE, END_DATE, DAYS_DEDUCTED, REASON, STATUS, FILE_PATH, REQUEST_DATE, APPROVE_DATE, REJECT_REASON, USER_NO) VALUES (8, 2, 1, '2025-03-29', '2025-03-30', 1.0, '개인 사유', 1, NULL, '2025-03-26', '2025-03-27', '승인됨', 3);
INSERT INTO TB_LEAVE (LEAVE_NO, TYPE, CATEGORY, START_DATE, END_DATE, DAYS_DEDUCTED, REASON, STATUS, FILE_PATH, REQUEST_DATE, APPROVE_DATE, REJECT_REASON, USER_NO) VALUES (9, 1, 2, '2025-02-25', '2025-02-25', 0.5, '컨디션 난조', 3, NULL, '2025-02-18', NULL, '검토 예정', 2);
INSERT INTO TB_LEAVE (LEAVE_NO, TYPE, CATEGORY, START_DATE, END_DATE, DAYS_DEDUCTED, REASON, STATUS, FILE_PATH, REQUEST_DATE, APPROVE_DATE, REJECT_REASON, USER_NO) VALUES (10, 2, 2, '2025-02-08', '2025-02-08', 0.5, '개인 사유', 1, NULL, '2025-02-02', '2025-02-03', '승인됨', 6);
INSERT INTO TB_LEAVE (LEAVE_NO, TYPE, CATEGORY, START_DATE, END_DATE, DAYS_DEDUCTED, REASON, STATUS, FILE_PATH, REQUEST_DATE, APPROVE_DATE, REJECT_REASON, USER_NO) VALUES (11, 1, 1, '2025-02-12', '2025-02-13', 1.0, '개인 사유', 3, NULL, '2025-02-05', NULL, '검토 예정', 4);
INSERT INTO TB_LEAVE (LEAVE_NO, TYPE, CATEGORY, START_DATE, END_DATE, DAYS_DEDUCTED, REASON, STATUS, FILE_PATH, REQUEST_DATE, APPROVE_DATE, REJECT_REASON, USER_NO) VALUES (12, 1, 1, '2025-03-02', '2025-03-03', 1.0, '가족 행사', 1, '/leave_docs/leave_12.pdf', '2025-02-26', '2025-02-27', '승인됨', 7);
INSERT INTO TB_LEAVE (LEAVE_NO, TYPE, CATEGORY, START_DATE, END_DATE, DAYS_DEDUCTED, REASON, STATUS, FILE_PATH, REQUEST_DATE, APPROVE_DATE, REJECT_REASON, USER_NO) VALUES (13, 1, 2, '2025-03-17', '2025-03-17', 0.5, '병원 예약', 2, '/leave_docs/leave_13.pdf', '2025-03-07', NULL, '사유 불충분', 6);
INSERT INTO TB_LEAVE (LEAVE_NO, TYPE, CATEGORY, START_DATE, END_DATE, DAYS_DEDUCTED, REASON, STATUS, FILE_PATH, REQUEST_DATE, APPROVE_DATE, REJECT_REASON, USER_NO) VALUES (14, 1, 3, '2025-03-19', '2025-03-19', 0.5, '개인 사유', 1, NULL, '2025-03-18', '2025-03-19', '승인됨', 9);
INSERT INTO TB_LEAVE (LEAVE_NO, TYPE, CATEGORY, START_DATE, END_DATE, DAYS_DEDUCTED, REASON, STATUS, FILE_PATH, REQUEST_DATE, APPROVE_DATE, REJECT_REASON, USER_NO) VALUES (15, 1, 2, '2025-03-07', '2025-03-07', 0.5, '컨디션 난조', 3, '/leave_docs/leave_15.pdf', '2025-03-01', NULL, '검토 예정', 2);
INSERT INTO TB_LEAVE (LEAVE_NO, TYPE, CATEGORY, START_DATE, END_DATE, DAYS_DEDUCTED, REASON, STATUS, FILE_PATH, REQUEST_DATE, APPROVE_DATE, REJECT_REASON, USER_NO) VALUES (16, 1, 1, '2025-03-01', '2025-03-02', 1.0, '컨디션 난조', 3, NULL, '2025-02-25', NULL, '검토 예정', 2);
INSERT INTO TB_LEAVE (LEAVE_NO, TYPE, CATEGORY, START_DATE, END_DATE, DAYS_DEDUCTED, REASON, STATUS, FILE_PATH, REQUEST_DATE, APPROVE_DATE, REJECT_REASON, USER_NO) VALUES (17, 1, 1, '2025-03-28', '2025-03-29', 1.0, '병원 예약', 3, NULL, '2025-03-27', NULL, '검토 예정', 3);
INSERT INTO TB_LEAVE (LEAVE_NO, TYPE, CATEGORY, START_DATE, END_DATE, DAYS_DEDUCTED, REASON, STATUS, FILE_PATH, REQUEST_DATE, APPROVE_DATE, REJECT_REASON, USER_NO) VALUES (18, 1, 3, '2025-03-01', '2025-03-01', 0.5, '컨디션 난조', 2, NULL, '2025-02-27', NULL, '사유 불충분', 1);
INSERT INTO TB_LEAVE (LEAVE_NO, TYPE, CATEGORY, START_DATE, END_DATE, DAYS_DEDUCTED, REASON, STATUS, FILE_PATH, REQUEST_DATE, APPROVE_DATE, REJECT_REASON, USER_NO) VALUES (19, 2, 1, '2025-02-26', '2025-02-27', 1.0, '컨디션 난조', 3, '/leave_docs/leave_19.pdf', '2025-02-22', NULL, '검토 예정', 9);
INSERT INTO TB_LEAVE (LEAVE_NO, TYPE, CATEGORY, START_DATE, END_DATE, DAYS_DEDUCTED, REASON, STATUS, FILE_PATH, REQUEST_DATE, APPROVE_DATE, REJECT_REASON, USER_NO) VALUES (20, 1, 3, '2025-03-18', '2025-03-18', 0.5, '개인 사유', 3, '/leave_docs/leave_20.pdf', '2025-03-17', NULL, '검토 예정', 3);
INSERT INTO TB_LEAVE (LEAVE_NO, TYPE, CATEGORY, START_DATE, END_DATE, DAYS_DEDUCTED, REASON, STATUS, FILE_PATH, REQUEST_DATE, APPROVE_DATE, REJECT_REASON, USER_NO) VALUES (21, 1, 1, '2025-03-07', '2025-03-08', 1.0, '개인 사유', 3, NULL, '2025-02-27', NULL, '검토 예정', 2);
INSERT INTO TB_LEAVE (LEAVE_NO, TYPE, CATEGORY, START_DATE, END_DATE, DAYS_DEDUCTED, REASON, STATUS, FILE_PATH, REQUEST_DATE, APPROVE_DATE, REJECT_REASON, USER_NO) VALUES (22, 2, 1, '2025-04-02', '2025-04-03', 1.0, '개인 사유', 3, NULL, '2025-03-27', NULL, '검토 예정', 4);
INSERT INTO TB_LEAVE (LEAVE_NO, TYPE, CATEGORY, START_DATE, END_DATE, DAYS_DEDUCTED, REASON, STATUS, FILE_PATH, REQUEST_DATE, APPROVE_DATE, REJECT_REASON, USER_NO) VALUES (23, 1, 2, '2025-03-27', '2025-03-27', 0.5, '개인 사유', 1, NULL, '2025-03-19', '2025-03-20', '승인됨', 2);
INSERT INTO TB_LEAVE (LEAVE_NO, TYPE, CATEGORY, START_DATE, END_DATE, DAYS_DEDUCTED, REASON, STATUS, FILE_PATH, REQUEST_DATE, APPROVE_DATE, REJECT_REASON, USER_NO) VALUES (24, 1, 2, '2025-02-24', '2025-02-24', 0.5, '병원 예약', 3, '/leave_docs/leave_24.pdf', '2025-02-15', NULL, '검토 예정', 6);
INSERT INTO TB_LEAVE (LEAVE_NO, TYPE, CATEGORY, START_DATE, END_DATE, DAYS_DEDUCTED, REASON, STATUS, FILE_PATH, REQUEST_DATE, APPROVE_DATE, REJECT_REASON, USER_NO) VALUES (25, 2, 2, '2025-02-15', '2025-02-15', 0.5, '가족 행사', 1, '/leave_docs/leave_25.pdf', '2025-02-11', '2025-02-12', '승인됨', 4);
INSERT INTO TB_LEAVE (LEAVE_NO, TYPE, CATEGORY, START_DATE, END_DATE, DAYS_DEDUCTED, REASON, STATUS, FILE_PATH, REQUEST_DATE, APPROVE_DATE, REJECT_REASON, USER_NO) VALUES (26, 2, 2, '2025-03-30', '2025-03-30', 0.5, '가족 행사', 2, NULL, '2025-03-29', NULL, '사유 불충분', 9);
INSERT INTO TB_LEAVE (LEAVE_NO, TYPE, CATEGORY, START_DATE, END_DATE, DAYS_DEDUCTED, REASON, STATUS, FILE_PATH, REQUEST_DATE, APPROVE_DATE, REJECT_REASON, USER_NO) VALUES (27, 2, 3, '2025-03-29', '2025-03-29', 0.5, '개인 사유', 2, NULL, '2025-03-20', NULL, '사유 불충분', 2);
INSERT INTO TB_LEAVE (LEAVE_NO, TYPE, CATEGORY, START_DATE, END_DATE, DAYS_DEDUCTED, REASON, STATUS, FILE_PATH, REQUEST_DATE, APPROVE_DATE, REJECT_REASON, USER_NO) VALUES (28, 1, 1, '2025-03-30', '2025-03-31', 1.0, '병원 예약', 3, '/leave_docs/leave_28.pdf', '2025-03-28', NULL, '검토 예정', 5);
INSERT INTO TB_LEAVE (LEAVE_NO, TYPE, CATEGORY, START_DATE, END_DATE, DAYS_DEDUCTED, REASON, STATUS, FILE_PATH, REQUEST_DATE, APPROVE_DATE, REJECT_REASON, USER_NO) VALUES (29, 2, 2, '2025-03-21', '2025-03-21', 0.5, '컨디션 난조', 1, '/leave_docs/leave_29.pdf', '2025-03-16', '2025-03-17', '승인됨', 10);
INSERT INTO TB_LEAVE (LEAVE_NO, TYPE, CATEGORY, START_DATE, END_DATE, DAYS_DEDUCTED, REASON, STATUS, FILE_PATH, REQUEST_DATE, APPROVE_DATE, REJECT_REASON, USER_NO) VALUES (30, 2, 2, '2025-02-28', '2025-02-28', 0.5, '컨디션 난조', 2, NULL, '2025-02-24', NULL, '사유 불충분', 5);
INSERT INTO TB_LEAVE (LEAVE_NO, TYPE, CATEGORY, START_DATE, END_DATE, DAYS_DEDUCTED, REASON, STATUS, FILE_PATH, REQUEST_DATE, APPROVE_DATE, REJECT_REASON, USER_NO) VALUES (31, 1, 2, '2025-03-21', '2025-03-21', 0.5, '병원 예약', 1, '/leave_docs/leave_31.pdf', '2025-03-17', '2025-03-18', '승인됨', 5);
INSERT INTO TB_LEAVE (LEAVE_NO, TYPE, CATEGORY, START_DATE, END_DATE, DAYS_DEDUCTED, REASON, STATUS, FILE_PATH, REQUEST_DATE, APPROVE_DATE, REJECT_REASON, USER_NO) VALUES (32, 1, 2, '2025-03-27', '2025-03-27', 0.5, '개인 사유', 1, NULL, '2025-03-20', '2025-03-21', '승인됨', 1);
INSERT INTO TB_LEAVE (LEAVE_NO, TYPE, CATEGORY, START_DATE, END_DATE, DAYS_DEDUCTED, REASON, STATUS, FILE_PATH, REQUEST_DATE, APPROVE_DATE, REJECT_REASON, USER_NO) VALUES (33, 1, 2, '2025-04-02', '2025-04-02', 0.5, '컨디션 난조', 1, '/leave_docs/leave_33.pdf', '2025-03-30', '2025-03-31', '승인됨', 6);
INSERT INTO TB_LEAVE (LEAVE_NO, TYPE, CATEGORY, START_DATE, END_DATE, DAYS_DEDUCTED, REASON, STATUS, FILE_PATH, REQUEST_DATE, APPROVE_DATE, REJECT_REASON, USER_NO) VALUES (34, 2, 3, '2025-03-30', '2025-03-30', 0.5, '병원 예약', 1, '/leave_docs/leave_34.pdf', '2025-03-29', '2025-03-30', '승인됨', 3);
INSERT INTO TB_LEAVE (LEAVE_NO, TYPE, CATEGORY, START_DATE, END_DATE, DAYS_DEDUCTED, REASON, STATUS, FILE_PATH, REQUEST_DATE, APPROVE_DATE, REJECT_REASON, USER_NO) VALUES (35, 2, 2, '2025-02-25', '2025-02-25', 0.5, '컨디션 난조', 2, NULL, '2025-02-23', NULL, '사유 불충분', 10);
INSERT INTO TB_LEAVE (LEAVE_NO, TYPE, CATEGORY, START_DATE, END_DATE, DAYS_DEDUCTED, REASON, STATUS, FILE_PATH, REQUEST_DATE, APPROVE_DATE, REJECT_REASON, USER_NO) VALUES (36, 1, 3, '2025-03-08', '2025-03-08', 0.5, '개인 사유', 3, '/leave_docs/leave_36.pdf', '2025-03-06', NULL, '검토 예정', 5);
INSERT INTO TB_LEAVE (LEAVE_NO, TYPE, CATEGORY, START_DATE, END_DATE, DAYS_DEDUCTED, REASON, STATUS, FILE_PATH, REQUEST_DATE, APPROVE_DATE, REJECT_REASON, USER_NO) VALUES (37, 1, 3, '2025-03-11', '2025-03-11', 0.5, '가족 행사', 3, NULL, '2025-03-08', NULL, '검토 예정', 6);
INSERT INTO TB_LEAVE (LEAVE_NO, TYPE, CATEGORY, START_DATE, END_DATE, DAYS_DEDUCTED, REASON, STATUS, FILE_PATH, REQUEST_DATE, APPROVE_DATE, REJECT_REASON, USER_NO) VALUES (38, 1, 1, '2025-03-23', '2025-03-24', 1.0, '컨디션 난조', 2, '/leave_docs/leave_38.pdf', '2025-03-17', NULL, '사유 불충분', 4);
INSERT INTO TB_LEAVE (LEAVE_NO, TYPE, CATEGORY, START_DATE, END_DATE, DAYS_DEDUCTED, REASON, STATUS, FILE_PATH, REQUEST_DATE, APPROVE_DATE, REJECT_REASON, USER_NO) VALUES (39, 2, 2, '2025-02-24', '2025-02-24', 0.5, '컨디션 난조', 3, NULL, '2025-02-23', NULL, '검토 예정', 4);
INSERT INTO TB_LEAVE (LEAVE_NO, TYPE, CATEGORY, START_DATE, END_DATE, DAYS_DEDUCTED, REASON, STATUS, FILE_PATH, REQUEST_DATE, APPROVE_DATE, REJECT_REASON, USER_NO) VALUES (40, 1, 3, '2025-02-12', '2025-02-12', 0.5, '컨디션 난조', 2, '/leave_docs/leave_40.pdf', '2025-02-02', NULL, '사유 불충분', 7);
INSERT INTO TB_LEAVE (LEAVE_NO, TYPE, CATEGORY, START_DATE, END_DATE, DAYS_DEDUCTED, REASON, STATUS, FILE_PATH, REQUEST_DATE, APPROVE_DATE, REJECT_REASON, USER_NO) VALUES (41, 2, 1, '2025-02-23', '2025-02-24', 1.0, '개인 사유', 3, NULL, '2025-02-20', NULL, '검토 예정', 4);
INSERT INTO TB_LEAVE (LEAVE_NO, TYPE, CATEGORY, START_DATE, END_DATE, DAYS_DEDUCTED, REASON, STATUS, FILE_PATH, REQUEST_DATE, APPROVE_DATE, REJECT_REASON, USER_NO) VALUES (42, 1, 3, '2025-03-20', '2025-03-20', 0.5, '개인 사유', 3, NULL, '2025-03-15', NULL, '검토 예정', 7);
INSERT INTO TB_LEAVE (LEAVE_NO, TYPE, CATEGORY, START_DATE, END_DATE, DAYS_DEDUCTED, REASON, STATUS, FILE_PATH, REQUEST_DATE, APPROVE_DATE, REJECT_REASON, USER_NO) VALUES (43, 1, 2, '2025-03-15', '2025-03-15', 0.5, '병원 예약', 2, NULL, '2025-03-12', NULL, '사유 불충분', 5);
INSERT INTO TB_LEAVE (LEAVE_NO, TYPE, CATEGORY, START_DATE, END_DATE, DAYS_DEDUCTED, REASON, STATUS, FILE_PATH, REQUEST_DATE, APPROVE_DATE, REJECT_REASON, USER_NO) VALUES (44, 2, 1, '2025-02-18', '2025-02-19', 1.0, '개인 사유', 1, '/leave_docs/leave_44.pdf', '2025-02-14', '2025-02-15', '승인됨', 10);
INSERT INTO TB_LEAVE (LEAVE_NO, TYPE, CATEGORY, START_DATE, END_DATE, DAYS_DEDUCTED, REASON, STATUS, FILE_PATH, REQUEST_DATE, APPROVE_DATE, REJECT_REASON, USER_NO) VALUES (45, 2, 3, '2025-02-14', '2025-02-14', 0.5, '컨디션 난조', 1, NULL, '2025-02-10', '2025-02-11', '승인됨', 4);
INSERT INTO TB_LEAVE (LEAVE_NO, TYPE, CATEGORY, START_DATE, END_DATE, DAYS_DEDUCTED, REASON, STATUS, FILE_PATH, REQUEST_DATE, APPROVE_DATE, REJECT_REASON, USER_NO) VALUES (46, 2, 3, '2025-03-24', '2025-03-24', 0.5, '개인 사유', 2, NULL, '2025-03-19', NULL, '사유 불충분', 9);
INSERT INTO TB_LEAVE (LEAVE_NO, TYPE, CATEGORY, START_DATE, END_DATE, DAYS_DEDUCTED, REASON, STATUS, FILE_PATH, REQUEST_DATE, APPROVE_DATE, REJECT_REASON, USER_NO) VALUES (47, 2, 3, '2025-03-03', '2025-03-03', 0.5, '가족 행사', 1, NULL, '2025-03-01', '2025-03-02', '승인됨', 8);
INSERT INTO TB_LEAVE (LEAVE_NO, TYPE, CATEGORY, START_DATE, END_DATE, DAYS_DEDUCTED, REASON, STATUS, FILE_PATH, REQUEST_DATE, APPROVE_DATE, REJECT_REASON, USER_NO) VALUES (48, 1, 3, '2025-03-03', '2025-03-03', 0.5, '개인 사유', 2, '/leave_docs/leave_48.pdf', '2025-02-27', NULL, '사유 불충분', 1);
INSERT INTO TB_LEAVE (LEAVE_NO, TYPE, CATEGORY, START_DATE, END_DATE, DAYS_DEDUCTED, REASON, STATUS, FILE_PATH, REQUEST_DATE, APPROVE_DATE, REJECT_REASON, USER_NO) VALUES (49, 1, 3, '2025-03-04', '2025-03-04', 0.5, '가족 행사', 2, NULL, '2025-02-22', NULL, '사유 불충분', 10);
INSERT INTO TB_LEAVE (LEAVE_NO, TYPE, CATEGORY, START_DATE, END_DATE, DAYS_DEDUCTED, REASON, STATUS, FILE_PATH, REQUEST_DATE, APPROVE_DATE, REJECT_REASON, USER_NO) VALUES (50, 1, 3, '2025-02-22', '2025-02-22', 0.5, '컨디션 난조', 1, NULL, '2025-02-14', '2025-02-15', '승인됨', 10);

INSERT INTO TB_FEEDBACK (FEEDBACK_NO, CONTENT, WRITE_DATE, RESUME_NO, USER_NO) VALUES (1, '문법 오류가 약간 보입니다.', '2025-02-02', 11, 4);
INSERT INTO TB_FEEDBACK (FEEDBACK_NO, CONTENT, WRITE_DATE, RESUME_NO, USER_NO) VALUES (2, '문법 오류가 약간 보입니다.', '2025-02-07', 8, 3);
INSERT INTO TB_FEEDBACK (FEEDBACK_NO, CONTENT, WRITE_DATE, RESUME_NO, USER_NO) VALUES (3, '지원동기를 보완하면 더 좋겠습니다.', '2025-02-23', 5, 8);
INSERT INTO TB_FEEDBACK (FEEDBACK_NO, CONTENT, WRITE_DATE, RESUME_NO, USER_NO) VALUES (4, '자기소개서 표현이 인상 깊었습니다.', '2025-01-23', 3, 6);
INSERT INTO TB_FEEDBACK (FEEDBACK_NO, CONTENT, WRITE_DATE, RESUME_NO, USER_NO) VALUES (5, NULL, '2025-03-04', 9, 2);
INSERT INTO TB_FEEDBACK (FEEDBACK_NO, CONTENT, WRITE_DATE, RESUME_NO, USER_NO) VALUES (6, '경력 기술이 좀 더 명확했으면 좋겠어요.', '2025-03-31', 17, 6);
INSERT INTO TB_FEEDBACK (FEEDBACK_NO, CONTENT, WRITE_DATE, RESUME_NO, USER_NO) VALUES (7, NULL, '2025-03-21', 20, 1);
INSERT INTO TB_FEEDBACK (FEEDBACK_NO, CONTENT, WRITE_DATE, RESUME_NO, USER_NO) VALUES (8, '이력서 구성이 좋습니다.', '2025-03-13', 3, 1);
INSERT INTO TB_FEEDBACK (FEEDBACK_NO, CONTENT, WRITE_DATE, RESUME_NO, USER_NO) VALUES (9, NULL, '2025-03-08', 9, 10);
INSERT INTO TB_FEEDBACK (FEEDBACK_NO, CONTENT, WRITE_DATE, RESUME_NO, USER_NO) VALUES (10, NULL, '2025-01-16', 9, 8);
INSERT INTO TB_FEEDBACK (FEEDBACK_NO, CONTENT, WRITE_DATE, RESUME_NO, USER_NO) VALUES (11, '경력 기술이 좀 더 명확했으면 좋겠어요.', '2025-02-01', 5, 5);
INSERT INTO TB_FEEDBACK (FEEDBACK_NO, CONTENT, WRITE_DATE, RESUME_NO, USER_NO) VALUES (12, '프로젝트 경험을 구체적으로 서술해주세요.', '2025-01-16', 15, 4);
INSERT INTO TB_FEEDBACK (FEEDBACK_NO, CONTENT, WRITE_DATE, RESUME_NO, USER_NO) VALUES (13, '프로젝트 경험을 구체적으로 서술해주세요.', '2025-01-22', 7, 10);
INSERT INTO TB_FEEDBACK (FEEDBACK_NO, CONTENT, WRITE_DATE, RESUME_NO, USER_NO) VALUES (14, NULL, '2025-02-08', 12, 5);
INSERT INTO TB_FEEDBACK (FEEDBACK_NO, CONTENT, WRITE_DATE, RESUME_NO, USER_NO) VALUES (15, '경력 기술이 좀 더 명확했으면 좋겠어요.', '2025-01-22', 1, 3);
INSERT INTO TB_FEEDBACK (FEEDBACK_NO, CONTENT, WRITE_DATE, RESUME_NO, USER_NO) VALUES (16, '문법 오류가 약간 보입니다.', '2025-03-03', 6, 8);
INSERT INTO TB_FEEDBACK (FEEDBACK_NO, CONTENT, WRITE_DATE, RESUME_NO, USER_NO) VALUES (17, '지원동기를 보완하면 더 좋겠습니다.', '2025-02-25', 2, 10);
INSERT INTO TB_FEEDBACK (FEEDBACK_NO, CONTENT, WRITE_DATE, RESUME_NO, USER_NO) VALUES (18, '지원동기를 보완하면 더 좋겠습니다.', '2025-04-02', 18, 10);
INSERT INTO TB_FEEDBACK (FEEDBACK_NO, CONTENT, WRITE_DATE, RESUME_NO, USER_NO) VALUES (19, '프로젝트 경험을 구체적으로 서술해주세요.', '2025-01-07', 10, 6);
INSERT INTO TB_FEEDBACK (FEEDBACK_NO, CONTENT, WRITE_DATE, RESUME_NO, USER_NO) VALUES (20, NULL, '2025-03-19', 1, 4);
INSERT INTO TB_FEEDBACK (FEEDBACK_NO, CONTENT, WRITE_DATE, RESUME_NO, USER_NO) VALUES (21, '지원동기를 보완하면 더 좋겠습니다.', '2025-03-24', 5, 1);
INSERT INTO TB_FEEDBACK (FEEDBACK_NO, CONTENT, WRITE_DATE, RESUME_NO, USER_NO) VALUES (22, '지원동기를 보완하면 더 좋겠습니다.', '2025-01-11', 9, 8);
INSERT INTO TB_FEEDBACK (FEEDBACK_NO, CONTENT, WRITE_DATE, RESUME_NO, USER_NO) VALUES (23, '지원동기를 보완하면 더 좋겠습니다.', '2025-03-15', 12, 4);
INSERT INTO TB_FEEDBACK (FEEDBACK_NO, CONTENT, WRITE_DATE, RESUME_NO, USER_NO) VALUES (24, NULL, '2025-01-22', 14, 7);
INSERT INTO TB_FEEDBACK (FEEDBACK_NO, CONTENT, WRITE_DATE, RESUME_NO, USER_NO) VALUES (25, '지원동기를 보완하면 더 좋겠습니다.', '2025-03-20', 1, 10);
INSERT INTO TB_FEEDBACK (FEEDBACK_NO, CONTENT, WRITE_DATE, RESUME_NO, USER_NO) VALUES (26, '프로젝트 경험을 구체적으로 서술해주세요.', '2025-03-30', 14, 3);
INSERT INTO TB_FEEDBACK (FEEDBACK_NO, CONTENT, WRITE_DATE, RESUME_NO, USER_NO) VALUES (27, '이력서 구성이 좋습니다.', '2025-01-21', 4, 1);
INSERT INTO TB_FEEDBACK (FEEDBACK_NO, CONTENT, WRITE_DATE, RESUME_NO, USER_NO) VALUES (28, '경력 기술이 좀 더 명확했으면 좋겠어요.', '2025-01-13', 16, 3);
INSERT INTO TB_FEEDBACK (FEEDBACK_NO, CONTENT, WRITE_DATE, RESUME_NO, USER_NO) VALUES (29, NULL, '2025-02-28', 15, 4);
INSERT INTO TB_FEEDBACK (FEEDBACK_NO, CONTENT, WRITE_DATE, RESUME_NO, USER_NO) VALUES (30, '경력 기술이 좀 더 명확했으면 좋겠어요.', '2025-02-27', 17, 9);
INSERT INTO TB_FEEDBACK (FEEDBACK_NO, CONTENT, WRITE_DATE, RESUME_NO, USER_NO) VALUES (31, '지원동기를 보완하면 더 좋겠습니다.', '2025-02-26', 7, 2);
INSERT INTO TB_FEEDBACK (FEEDBACK_NO, CONTENT, WRITE_DATE, RESUME_NO, USER_NO) VALUES (32, '지원동기를 보완하면 더 좋겠습니다.', '2025-01-25', 10, 9);
INSERT INTO TB_FEEDBACK (FEEDBACK_NO, CONTENT, WRITE_DATE, RESUME_NO, USER_NO) VALUES (33, '문법 오류가 약간 보입니다.', '2025-02-02', 8, 8);
INSERT INTO TB_FEEDBACK (FEEDBACK_NO, CONTENT, WRITE_DATE, RESUME_NO, USER_NO) VALUES (34, '문법 오류가 약간 보입니다.', '2025-02-28', 12, 8);
INSERT INTO TB_FEEDBACK (FEEDBACK_NO, CONTENT, WRITE_DATE, RESUME_NO, USER_NO) VALUES (35, '프로젝트 경험을 구체적으로 서술해주세요.', '2025-03-24', 19, 9);
INSERT INTO TB_FEEDBACK (FEEDBACK_NO, CONTENT, WRITE_DATE, RESUME_NO, USER_NO) VALUES (36, '프로젝트 경험을 구체적으로 서술해주세요.', '2025-03-17', 18, 5);
INSERT INTO TB_FEEDBACK (FEEDBACK_NO, CONTENT, WRITE_DATE, RESUME_NO, USER_NO) VALUES (37, '자기소개서 표현이 인상 깊었습니다.', '2025-03-06', 15, 7);
INSERT INTO TB_FEEDBACK (FEEDBACK_NO, CONTENT, WRITE_DATE, RESUME_NO, USER_NO) VALUES (38, '자기소개서 표현이 인상 깊었습니다.', '2025-01-09', 4, 1);
INSERT INTO TB_FEEDBACK (FEEDBACK_NO, CONTENT, WRITE_DATE, RESUME_NO, USER_NO) VALUES (39, '문법 오류가 약간 보입니다.', '2025-03-13', 4, 2);
INSERT INTO TB_FEEDBACK (FEEDBACK_NO, CONTENT, WRITE_DATE, RESUME_NO, USER_NO) VALUES (40, '자기소개서 표현이 인상 깊었습니다.', '2025-02-10', 16, 9);
INSERT INTO TB_FEEDBACK (FEEDBACK_NO, CONTENT, WRITE_DATE, RESUME_NO, USER_NO) VALUES (41, NULL, '2025-01-11', 19, 9);
INSERT INTO TB_FEEDBACK (FEEDBACK_NO, CONTENT, WRITE_DATE, RESUME_NO, USER_NO) VALUES (42, '문법 오류가 약간 보입니다.', '2025-03-27', 12, 6);
INSERT INTO TB_FEEDBACK (FEEDBACK_NO, CONTENT, WRITE_DATE, RESUME_NO, USER_NO) VALUES (43, NULL, '2025-03-23', 6, 4);
INSERT INTO TB_FEEDBACK (FEEDBACK_NO, CONTENT, WRITE_DATE, RESUME_NO, USER_NO) VALUES (44, '지원동기를 보완하면 더 좋겠습니다.', '2025-02-16', 2, 3);
INSERT INTO TB_FEEDBACK (FEEDBACK_NO, CONTENT, WRITE_DATE, RESUME_NO, USER_NO) VALUES (45, '자기소개서 표현이 인상 깊었습니다.', '2025-01-27', 5, 5);
INSERT INTO TB_FEEDBACK (FEEDBACK_NO, CONTENT, WRITE_DATE, RESUME_NO, USER_NO) VALUES (46, '프로젝트 경험을 구체적으로 서술해주세요.', '2025-02-28', 14, 1);
INSERT INTO TB_FEEDBACK (FEEDBACK_NO, CONTENT, WRITE_DATE, RESUME_NO, USER_NO) VALUES (47, '경력 기술이 좀 더 명확했으면 좋겠어요.', '2025-01-07', 12, 6);
INSERT INTO TB_FEEDBACK (FEEDBACK_NO, CONTENT, WRITE_DATE, RESUME_NO, USER_NO) VALUES (48, '프로젝트 경험을 구체적으로 서술해주세요.', '2025-01-28', 9, 3);
INSERT INTO TB_FEEDBACK (FEEDBACK_NO, CONTENT, WRITE_DATE, RESUME_NO, USER_NO) VALUES (49, '지원동기를 보완하면 더 좋겠습니다.', '2025-02-02', 8, 5);
INSERT INTO TB_FEEDBACK (FEEDBACK_NO, CONTENT, WRITE_DATE, RESUME_NO, USER_NO) VALUES (50, '자기소개서 표현이 인상 깊었습니다.', '2025-01-20', 1, 4);

INSERT INTO TB_RESUME_BOARD (RESUME_NO, USER_NO, TYPE, TITLE, FILE_PATH, CREATED_DATE) VALUES (1, 8, 1, '2025 상반기 자기소개서', '/resumes/resume_1.pdf', '2025-03-27');
INSERT INTO TB_RESUME_BOARD (RESUME_NO, USER_NO, TYPE, TITLE, FILE_PATH, CREATED_DATE) VALUES (2, 3, 1, '풀스택 자소서', '/resumes/resume_2.pdf', '2025-03-27');
INSERT INTO TB_RESUME_BOARD (RESUME_NO, USER_NO, TYPE, TITLE, FILE_PATH, CREATED_DATE) VALUES (3, 10, 2, '회사 제출용 이력서', '/resumes/resume_3.pdf', '2025-03-23');
INSERT INTO TB_RESUME_BOARD (RESUME_NO, USER_NO, TYPE, TITLE, FILE_PATH, CREATED_DATE) VALUES (4, 5, 1, '기술직 이력서', '/resumes/resume_4.pdf', '2025-04-04');
INSERT INTO TB_RESUME_BOARD (RESUME_NO, USER_NO, TYPE, TITLE, FILE_PATH, CREATED_DATE) VALUES (5, 3, 2, '회사 제출용 이력서', '/resumes/resume_5.pdf', '2025-02-26');
INSERT INTO TB_RESUME_BOARD (RESUME_NO, USER_NO, TYPE, TITLE, FILE_PATH, CREATED_DATE) VALUES (6, 10, 2, '기술직 이력서', '/resumes/resume_6.pdf', '2025-03-11');
INSERT INTO TB_RESUME_BOARD (RESUME_NO, USER_NO, TYPE, TITLE, FILE_PATH, CREATED_DATE) VALUES (7, 9, 1, '2025 상반기 자기소개서', '/resumes/resume_7.pdf', '2025-04-04');
INSERT INTO TB_RESUME_BOARD (RESUME_NO, USER_NO, TYPE, TITLE, FILE_PATH, CREATED_DATE) VALUES (8, 5, 2, '포트폴리오 자기소개서', '/resumes/resume_8.pdf', '2025-02-19');
INSERT INTO TB_RESUME_BOARD (RESUME_NO, USER_NO, TYPE, TITLE, FILE_PATH, CREATED_DATE) VALUES (9, 2, 2, '기술직 이력서', '/resumes/resume_9.pdf', '2025-03-19');
INSERT INTO TB_RESUME_BOARD (RESUME_NO, USER_NO, TYPE, TITLE, FILE_PATH, CREATED_DATE) VALUES (10, 1, 1, '포트폴리오 자기소개서', '/resumes/resume_10.pdf', '2025-02-27');
INSERT INTO TB_RESUME_BOARD (RESUME_NO, USER_NO, TYPE, TITLE, FILE_PATH, CREATED_DATE) VALUES (11, 3, 2, '회사 제출용 이력서', '/resumes/resume_11.pdf', '2025-04-04');
INSERT INTO TB_RESUME_BOARD (RESUME_NO, USER_NO, TYPE, TITLE, FILE_PATH, CREATED_DATE) VALUES (12, 6, 2, '기술직 이력서', '/resumes/resume_12.pdf', '2025-03-17');
INSERT INTO TB_RESUME_BOARD (RESUME_NO, USER_NO, TYPE, TITLE, FILE_PATH, CREATED_DATE) VALUES (13, 3, 1, '풀스택 자소서', '/resumes/resume_13.pdf', '2025-03-06');
INSERT INTO TB_RESUME_BOARD (RESUME_NO, USER_NO, TYPE, TITLE, FILE_PATH, CREATED_DATE) VALUES (14, 8, 1, '2025 상반기 자기소개서', '/resumes/resume_14.pdf', '2025-03-16');
INSERT INTO TB_RESUME_BOARD (RESUME_NO, USER_NO, TYPE, TITLE, FILE_PATH, CREATED_DATE) VALUES (15, 6, 1, '풀스택 자소서', '/resumes/resume_15.pdf', '2025-03-04');
INSERT INTO TB_RESUME_BOARD (RESUME_NO, USER_NO, TYPE, TITLE, FILE_PATH, CREATED_DATE) VALUES (16, 10, 1, '2025 상반기 자기소개서', '/resumes/resume_16.pdf', '2025-03-22');
INSERT INTO TB_RESUME_BOARD (RESUME_NO, USER_NO, TYPE, TITLE, FILE_PATH, CREATED_DATE) VALUES (17, 9, 1, '풀스택 자소서', '/resumes/resume_17.pdf', '2025-03-31');
INSERT INTO TB_RESUME_BOARD (RESUME_NO, USER_NO, TYPE, TITLE, FILE_PATH, CREATED_DATE) VALUES (18, 2, 1, '풀스택 자소서', '/resumes/resume_18.pdf', '2025-02-11');
INSERT INTO TB_RESUME_BOARD (RESUME_NO, USER_NO, TYPE, TITLE, FILE_PATH, CREATED_DATE) VALUES (19, 4, 2, '풀스택 자소서', '/resumes/resume_19.pdf', '2025-04-01');
INSERT INTO TB_RESUME_BOARD (RESUME_NO, USER_NO, TYPE, TITLE, FILE_PATH, CREATED_DATE) VALUES (20, 2, 2, '포트폴리오 자기소개서', '/resumes/resume_20.pdf', '2025-03-13');
INSERT INTO TB_RESUME_BOARD (RESUME_NO, USER_NO, TYPE, TITLE, FILE_PATH, CREATED_DATE) VALUES (21, 10, 2, '회사 제출용 이력서', '/resumes/resume_21.pdf', '2025-02-09');
INSERT INTO TB_RESUME_BOARD (RESUME_NO, USER_NO, TYPE, TITLE, FILE_PATH, CREATED_DATE) VALUES (22, 1, 1, '풀스택 자소서', '/resumes/resume_22.pdf', '2025-03-14');
INSERT INTO TB_RESUME_BOARD (RESUME_NO, USER_NO, TYPE, TITLE, FILE_PATH, CREATED_DATE) VALUES (23, 6, 2, '풀스택 자소서', '/resumes/resume_23.pdf', '2025-02-10');
INSERT INTO TB_RESUME_BOARD (RESUME_NO, USER_NO, TYPE, TITLE, FILE_PATH, CREATED_DATE) VALUES (24, 10, 2, '웹 개발 지원서', '/resumes/resume_24.pdf', '2025-03-07');
INSERT INTO TB_RESUME_BOARD (RESUME_NO, USER_NO, TYPE, TITLE, FILE_PATH, CREATED_DATE) VALUES (25, 2, 1, '교육 수료 이력서', '/resumes/resume_25.pdf', '2025-03-20');
INSERT INTO TB_RESUME_BOARD (RESUME_NO, USER_NO, TYPE, TITLE, FILE_PATH, CREATED_DATE) VALUES (26, 8, 1, '2025 상반기 자기소개서', '/resumes/resume_26.pdf', '2025-04-05');
INSERT INTO TB_RESUME_BOARD (RESUME_NO, USER_NO, TYPE, TITLE, FILE_PATH, CREATED_DATE) VALUES (27, 7, 1, '포트폴리오 자기소개서', '/resumes/resume_27.pdf', '2025-03-21');
INSERT INTO TB_RESUME_BOARD (RESUME_NO, USER_NO, TYPE, TITLE, FILE_PATH, CREATED_DATE) VALUES (28, 6, 2, '웹 개발 지원서', '/resumes/resume_28.pdf', '2025-03-27');
INSERT INTO TB_RESUME_BOARD (RESUME_NO, USER_NO, TYPE, TITLE, FILE_PATH, CREATED_DATE) VALUES (29, 7, 1, '포트폴리오 자기소개서', '/resumes/resume_29.pdf', '2025-04-01');
INSERT INTO TB_RESUME_BOARD (RESUME_NO, USER_NO, TYPE, TITLE, FILE_PATH, CREATED_DATE) VALUES (30, 9, 1, '웹 개발 지원서', '/resumes/resume_30.pdf', '2025-02-09');
INSERT INTO TB_RESUME_BOARD (RESUME_NO, USER_NO, TYPE, TITLE, FILE_PATH, CREATED_DATE) VALUES (31, 9, 1, '포트폴리오 자기소개서', '/resumes/resume_31.pdf', '2025-02-10');
INSERT INTO TB_RESUME_BOARD (RESUME_NO, USER_NO, TYPE, TITLE, FILE_PATH, CREATED_DATE) VALUES (32, 10, 1, '풀스택 자소서', '/resumes/resume_32.pdf', '2025-03-14');
INSERT INTO TB_RESUME_BOARD (RESUME_NO, USER_NO, TYPE, TITLE, FILE_PATH, CREATED_DATE) VALUES (33, 1, 2, '웹 개발 지원서', '/resumes/resume_33.pdf', '2025-03-06');
INSERT INTO TB_RESUME_BOARD (RESUME_NO, USER_NO, TYPE, TITLE, FILE_PATH, CREATED_DATE) VALUES (34, 1, 1, '포트폴리오 자기소개서', '/resumes/resume_34.pdf', '2025-03-22');
INSERT INTO TB_RESUME_BOARD (RESUME_NO, USER_NO, TYPE, TITLE, FILE_PATH, CREATED_DATE) VALUES (35, 9, 1, '기술직 이력서', '/resumes/resume_35.pdf', '2025-03-03');
INSERT INTO TB_RESUME_BOARD (RESUME_NO, USER_NO, TYPE, TITLE, FILE_PATH, CREATED_DATE) VALUES (36, 4, 1, '회사 제출용 이력서', '/resumes/resume_36.pdf', '2025-03-22');
INSERT INTO TB_RESUME_BOARD (RESUME_NO, USER_NO, TYPE, TITLE, FILE_PATH, CREATED_DATE) VALUES (37, 8, 1, '풀스택 자소서', '/resumes/resume_37.pdf', '2025-03-25');
INSERT INTO TB_RESUME_BOARD (RESUME_NO, USER_NO, TYPE, TITLE, FILE_PATH, CREATED_DATE) VALUES (38, 9, 1, '포트폴리오 자기소개서', '/resumes/resume_38.pdf', '2025-03-07');
INSERT INTO TB_RESUME_BOARD (RESUME_NO, USER_NO, TYPE, TITLE, FILE_PATH, CREATED_DATE) VALUES (39, 9, 2, '기술직 이력서', '/resumes/resume_39.pdf', '2025-03-07');
INSERT INTO TB_RESUME_BOARD (RESUME_NO, USER_NO, TYPE, TITLE, FILE_PATH, CREATED_DATE) VALUES (40, 8, 1, '2025 상반기 자기소개서', '/resumes/resume_40.pdf', '2025-03-10');
INSERT INTO TB_RESUME_BOARD (RESUME_NO, USER_NO, TYPE, TITLE, FILE_PATH, CREATED_DATE) VALUES (41, 8, 1, '회사 제출용 이력서', '/resumes/resume_41.pdf', '2025-02-07');
INSERT INTO TB_RESUME_BOARD (RESUME_NO, USER_NO, TYPE, TITLE, FILE_PATH, CREATED_DATE) VALUES (42, 8, 1, '풀스택 자소서', '/resumes/resume_42.pdf', '2025-02-26');
INSERT INTO TB_RESUME_BOARD (RESUME_NO, USER_NO, TYPE, TITLE, FILE_PATH, CREATED_DATE) VALUES (43, 9, 2, '웹 개발 지원서', '/resumes/resume_43.pdf', '2025-02-21');
INSERT INTO TB_RESUME_BOARD (RESUME_NO, USER_NO, TYPE, TITLE, FILE_PATH, CREATED_DATE) VALUES (44, 6, 1, '2025 상반기 자기소개서', '/resumes/resume_44.pdf', '2025-03-28');
INSERT INTO TB_RESUME_BOARD (RESUME_NO, USER_NO, TYPE, TITLE, FILE_PATH, CREATED_DATE) VALUES (45, 3, 1, '포트폴리오 자기소개서', '/resumes/resume_45.pdf', '2025-03-16');
INSERT INTO TB_RESUME_BOARD (RESUME_NO, USER_NO, TYPE, TITLE, FILE_PATH, CREATED_DATE) VALUES (46, 6, 2, '교육 수료 이력서', '/resumes/resume_46.pdf', '2025-02-24');
INSERT INTO TB_RESUME_BOARD (RESUME_NO, USER_NO, TYPE, TITLE, FILE_PATH, CREATED_DATE) VALUES (47, 2, 2, '웹 개발 지원서', '/resumes/resume_47.pdf', '2025-03-27');
INSERT INTO TB_RESUME_BOARD (RESUME_NO, USER_NO, TYPE, TITLE, FILE_PATH, CREATED_DATE) VALUES (48, 9, 1, '교육 수료 이력서', '/resumes/resume_48.pdf', '2025-02-27');
INSERT INTO TB_RESUME_BOARD (RESUME_NO, USER_NO, TYPE, TITLE, FILE_PATH, CREATED_DATE) VALUES (49, 2, 1, '회사 제출용 이력서', '/resumes/resume_49.pdf', '2025-03-17');
INSERT INTO TB_RESUME_BOARD (RESUME_NO, USER_NO, TYPE, TITLE, FILE_PATH, CREATED_DATE) VALUES (50, 2, 2, '회사 제출용 이력서', '/resumes/resume_50.pdf', '2025-03-12');

INSERT INTO TB_SCHEDULE (SCHEDULE_NO, TITLE, START_DATE, END_DATE, DESCRIPTION, CLASS_NO) VALUES (1, '클래스01 일정', TO_DATE('2024-04-02', 'YYYY-MM-DD'), TO_DATE('2024-09-29', 'YYYY-MM-DD'), '설명 1', 1001);
INSERT INTO TB_SCHEDULE (SCHEDULE_NO, TITLE, START_DATE, END_DATE, DESCRIPTION, CLASS_NO) VALUES (2, '클래스02 일정', TO_DATE('2024-04-17', 'YYYY-MM-DD'), TO_DATE('2025-01-12', 'YYYY-MM-DD'), '설명 2', 1002);
INSERT INTO TB_SCHEDULE (SCHEDULE_NO, TITLE, START_DATE, END_DATE, DESCRIPTION, CLASS_NO) VALUES (3, '클래스03 일정', TO_DATE('2024-04-21', 'YYYY-MM-DD'), TO_DATE('2025-01-16', 'YYYY-MM-DD'), '설명 3', 1003);
INSERT INTO TB_SCHEDULE (SCHEDULE_NO, TITLE, START_DATE, END_DATE, DESCRIPTION, CLASS_NO) VALUES (4, '클래스04 일정', TO_DATE('2024-04-18', 'YYYY-MM-DD'), TO_DATE('2025-02-12', 'YYYY-MM-DD'), '설명 4', 1004);
INSERT INTO TB_SCHEDULE (SCHEDULE_NO, TITLE, START_DATE, END_DATE, DESCRIPTION, CLASS_NO) VALUES (5, '클래스05 일정', TO_DATE('2024-06-08', 'YYYY-MM-DD'), TO_DATE('2025-04-04', 'YYYY-MM-DD'), '설명 5', 1005);
INSERT INTO TB_SCHEDULE (SCHEDULE_NO, TITLE, START_DATE, END_DATE, DESCRIPTION, CLASS_NO) VALUES (6, '클래스06 일정', TO_DATE('2024-06-22', 'YYYY-MM-DD'), TO_DATE('2025-02-17', 'YYYY-MM-DD'), '설명 6', 1006);
INSERT INTO TB_SCHEDULE (SCHEDULE_NO, TITLE, START_DATE, END_DATE, DESCRIPTION, CLASS_NO) VALUES (7, '클래스07 일정', TO_DATE('2024-04-05', 'YYYY-MM-DD'), TO_DATE('2025-01-30', 'YYYY-MM-DD'), '설명 7', 1007);
INSERT INTO TB_SCHEDULE (SCHEDULE_NO, TITLE, START_DATE, END_DATE, DESCRIPTION, CLASS_NO) VALUES (8, '클래스08 일정', TO_DATE('2024-04-02', 'YYYY-MM-DD'), TO_DATE('2024-10-29', 'YYYY-MM-DD'), '설명 8', 1008);
INSERT INTO TB_SCHEDULE (SCHEDULE_NO, TITLE, START_DATE, END_DATE, DESCRIPTION, CLASS_NO) VALUES (9, '클래스09 일정', TO_DATE('2024-04-01', 'YYYY-MM-DD'), TO_DATE('2024-10-28', 'YYYY-MM-DD'), '설명 9', 1009);
INSERT INTO TB_SCHEDULE (SCHEDULE_NO, TITLE, START_DATE, END_DATE, DESCRIPTION, CLASS_NO) VALUES (10, '클래스10 일정', TO_DATE('2024-05-13', 'YYYY-MM-DD'), TO_DATE('2025-02-07', 'YYYY-MM-DD'), '설명 10', 1010);
INSERT INTO TB_SCHEDULE (SCHEDULE_NO, TITLE, START_DATE, END_DATE, DESCRIPTION, CLASS_NO) VALUES (11, '클래스11 일정', TO_DATE('2024-05-21', 'YYYY-MM-DD'), TO_DATE('2024-11-17', 'YYYY-MM-DD'), '설명 11', 1011);
INSERT INTO TB_SCHEDULE (SCHEDULE_NO, TITLE, START_DATE, END_DATE, DESCRIPTION, CLASS_NO) VALUES (12, '클래스12 일정', TO_DATE('2024-05-17', 'YYYY-MM-DD'), TO_DATE('2025-01-12', 'YYYY-MM-DD'), '설명 12', 1012);
INSERT INTO TB_SCHEDULE (SCHEDULE_NO, TITLE, START_DATE, END_DATE, DESCRIPTION, CLASS_NO) VALUES (13, '클래스13 일정', TO_DATE('2024-05-08', 'YYYY-MM-DD'), TO_DATE('2024-12-04', 'YYYY-MM-DD'), '설명 13', 1013);
INSERT INTO TB_SCHEDULE (SCHEDULE_NO, TITLE, START_DATE, END_DATE, DESCRIPTION, CLASS_NO) VALUES (14, '클래스14 일정', TO_DATE('2024-05-03', 'YYYY-MM-DD'), TO_DATE('2024-10-30', 'YYYY-MM-DD'), '설명 14', 1014);
INSERT INTO TB_SCHEDULE (SCHEDULE_NO, TITLE, START_DATE, END_DATE, DESCRIPTION, CLASS_NO) VALUES (15, '클래스15 일정', TO_DATE('2024-05-19', 'YYYY-MM-DD'), TO_DATE('2024-11-15', 'YYYY-MM-DD'), '설명 15', 1015);

INSERT INTO TB_SCHEDULE_CHANGE (CHANGE_NO, REASON, REQUEST_DATE, START_DATE, END_DATE, CLASS_NO, USER_NO) VALUES (1, '기타 요청', '2025-04-01', '2025-04-02', '2025-04-03', 1001, 5);
INSERT INTO TB_SCHEDULE_CHANGE (CHANGE_NO, REASON, REQUEST_DATE, START_DATE, END_DATE, CLASS_NO, USER_NO) VALUES (2, '병원 방문', '2025-04-01', '2025-04-02', '2025-04-03', 1002, 6);
INSERT INTO TB_SCHEDULE_CHANGE (CHANGE_NO, REASON, REQUEST_DATE, START_DATE, END_DATE, CLASS_NO, USER_NO) VALUES (3, '출장', '2025-03-31', '2025-04-01', '2025-04-01', 1003, 7);
INSERT INTO TB_SCHEDULE_CHANGE (CHANGE_NO, REASON, REQUEST_DATE, START_DATE, END_DATE, CLASS_NO, USER_NO) VALUES (4, '병원 방문', '2025-04-05', '2025-04-06', '2025-04-07', 1004, 8);
INSERT INTO TB_SCHEDULE_CHANGE (CHANGE_NO, REASON, REQUEST_DATE, START_DATE, END_DATE, CLASS_NO, USER_NO) VALUES (5, '가족 행사', '2025-04-03', '2025-04-04', '2025-04-04', 1005, 9);
INSERT INTO TB_SCHEDULE_CHANGE (CHANGE_NO, REASON, REQUEST_DATE, START_DATE, END_DATE, CLASS_NO, USER_NO) VALUES (6, '개인 사정', '2025-04-02', '2025-04-03', '2025-04-04', 1006, 10);
INSERT INTO TB_SCHEDULE_CHANGE (CHANGE_NO, REASON, REQUEST_DATE, START_DATE, END_DATE, CLASS_NO, USER_NO) VALUES (7, '출장', '2025-04-06', '2025-04-07', '2025-04-08', 1007, 11);
INSERT INTO TB_SCHEDULE_CHANGE (CHANGE_NO, REASON, REQUEST_DATE, START_DATE, END_DATE, CLASS_NO, USER_NO) VALUES (8, '개인 사정', '2025-03-30', '2025-03-31', '2025-04-01', 1008, 12);
INSERT INTO TB_SCHEDULE_CHANGE (CHANGE_NO, REASON, REQUEST_DATE, START_DATE, END_DATE, CLASS_NO, USER_NO) VALUES (9, '가족 행사', '2025-04-01', '2025-04-02', '2025-04-03', 1009, 13);
INSERT INTO TB_SCHEDULE_CHANGE (CHANGE_NO, REASON, REQUEST_DATE, START_DATE, END_DATE, CLASS_NO, USER_NO) VALUES (10, '병원 방문', '2025-03-28', '2025-03-29', '2025-03-29', 1010, 14);
INSERT INTO TB_SCHEDULE_CHANGE (CHANGE_NO, REASON, REQUEST_DATE, START_DATE, END_DATE, CLASS_NO, USER_NO) VALUES (11, '병원 방문', '2025-04-03', '2025-04-04', '2025-04-05', 1011, 15);
INSERT INTO TB_SCHEDULE_CHANGE (CHANGE_NO, REASON, REQUEST_DATE, START_DATE, END_DATE, CLASS_NO, USER_NO) VALUES (12, '출장', '2025-04-02', '2025-04-03', '2025-04-04', 1012, 16);
INSERT INTO TB_SCHEDULE_CHANGE (CHANGE_NO, REASON, REQUEST_DATE, START_DATE, END_DATE, CLASS_NO, USER_NO) VALUES (13, '가족 행사', '2025-04-03', '2025-04-04', '2025-04-04', 1013, 17);
INSERT INTO TB_SCHEDULE_CHANGE (CHANGE_NO, REASON, REQUEST_DATE, START_DATE, END_DATE, CLASS_NO, USER_NO) VALUES (14, '기타 요청', '2025-04-05', '2025-04-06', '2025-04-06', 1014, 18);
INSERT INTO TB_SCHEDULE_CHANGE (CHANGE_NO, REASON, REQUEST_DATE, START_DATE, END_DATE, CLASS_NO, USER_NO) VALUES (15, '기타 요청', '2025-03-30', '2025-03-31', '2025-03-31', 1015, 19);


INSERT INTO TB_REPLY (REPLY_NO, CONTENT, CREATE_DATE, USER_NO, BOARD_NO) VALUES (1, '좋은 정보 감사합니다!', TO_DATE('2025-03-01', 'YYYY-MM-DD'), 39, 31);
INSERT INTO TB_REPLY (REPLY_NO, CONTENT, CREATE_DATE, USER_NO, BOARD_NO) VALUES (2, '이해가 잘 됐어요.', TO_DATE('2025-03-02', 'YYYY-MM-DD'), 40, 32);
INSERT INTO TB_REPLY (REPLY_NO, CONTENT, CREATE_DATE, USER_NO, BOARD_NO) VALUES (3, '질문이 있어요!', TO_DATE('2025-03-03', 'YYYY-MM-DD'), 41, 33);
INSERT INTO TB_REPLY (REPLY_NO, CONTENT, CREATE_DATE, USER_NO, BOARD_NO) VALUES (4, '자료 감사합니다.', TO_DATE('2025-03-04', 'YYYY-MM-DD'), 42, 34);
INSERT INTO TB_REPLY (REPLY_NO, CONTENT, CREATE_DATE, USER_NO, BOARD_NO) VALUES (5, '출석 체크 어떻게 하나요?', TO_DATE('2025-03-05', 'YYYY-MM-DD'), 43, 35);
INSERT INTO TB_REPLY (REPLY_NO, CONTENT, CREATE_DATE, USER_NO, BOARD_NO) VALUES (6, '과제 제출일은 언제인가요?', TO_DATE('2025-03-06', 'YYYY-MM-DD'), 44, 36);
INSERT INTO TB_REPLY (REPLY_NO, CONTENT, CREATE_DATE, USER_NO, BOARD_NO) VALUES (7, '공지 잘 봤습니다.', TO_DATE('2025-03-07', 'YYYY-MM-DD'), 45, 37);
INSERT INTO TB_REPLY (REPLY_NO, CONTENT, CREATE_DATE, USER_NO, BOARD_NO) VALUES (8, '감사합니다!', TO_DATE('2025-03-08', 'YYYY-MM-DD'), 46, 38);
INSERT INTO TB_REPLY (REPLY_NO, CONTENT, CREATE_DATE, USER_NO, BOARD_NO) VALUES (9, '시험 범위는 어디까지인가요?', TO_DATE('2025-03-09', 'YYYY-MM-DD'), 47, 39);
INSERT INTO TB_REPLY (REPLY_NO, CONTENT, CREATE_DATE, USER_NO, BOARD_NO) VALUES (10, '열심히 하겠습니다!', TO_DATE('2025-03-10', 'YYYY-MM-DD'), 48, 40);
INSERT INTO TB_REPLY (REPLY_NO, CONTENT, CREATE_DATE, USER_NO, BOARD_NO) VALUES (11, '좋은 정보 감사합니다.', TO_DATE('2025-03-11', 'YYYY-MM-DD'), 71, 44);
INSERT INTO TB_REPLY (REPLY_NO, CONTENT, CREATE_DATE, USER_NO, BOARD_NO) VALUES (12, '잘 이해가 안돼요 ㅠㅠ', TO_DATE('2025-03-12', 'YYYY-MM-DD'), 63, 51);
INSERT INTO TB_REPLY (REPLY_NO, CONTENT, CREATE_DATE, USER_NO, BOARD_NO) VALUES (13, '친절한 설명 감사합니다.', TO_DATE('2025-03-13', 'YYYY-MM-DD'), 63, 53);
INSERT INTO TB_REPLY (REPLY_NO, CONTENT, CREATE_DATE, USER_NO, BOARD_NO) VALUES (14, '잘 이해가 안돼요 ㅠㅠ', TO_DATE('2025-03-14', 'YYYY-MM-DD'), 53, 39);
INSERT INTO TB_REPLY (REPLY_NO, CONTENT, CREATE_DATE, USER_NO, BOARD_NO) VALUES (15, '수업 자료 부탁드립니다.', TO_DATE('2025-03-15', 'YYYY-MM-DD'), 49, 38);
INSERT INTO TB_REPLY (REPLY_NO, CONTENT, CREATE_DATE, USER_NO, BOARD_NO) VALUES (16, '좋은 정보 감사합니다.', TO_DATE('2025-03-16', 'YYYY-MM-DD'), 74, 40);
INSERT INTO TB_REPLY (REPLY_NO, CONTENT, CREATE_DATE, USER_NO, BOARD_NO) VALUES (17, '잘 이해가 안돼요 ㅠㅠ', TO_DATE('2025-03-17', 'YYYY-MM-DD'), 85, 32);
INSERT INTO TB_REPLY (REPLY_NO, CONTENT, CREATE_DATE, USER_NO, BOARD_NO) VALUES (18, '수업 자료 부탁드립니다.', TO_DATE('2025-03-18', 'YYYY-MM-DD'), 49, 51);
INSERT INTO TB_REPLY (REPLY_NO, CONTENT, CREATE_DATE, USER_NO, BOARD_NO) VALUES (19, '강의 자료 공유해주세요!', TO_DATE('2025-03-19', 'YYYY-MM-DD'), 45, 38);
INSERT INTO TB_REPLY (REPLY_NO, CONTENT, CREATE_DATE, USER_NO, BOARD_NO) VALUES (20, '수업 자료 부탁드립니다.', TO_DATE('2025-03-20', 'YYYY-MM-DD'), 54, 41);
INSERT INTO TB_REPLY (REPLY_NO, CONTENT, CREATE_DATE, USER_NO, BOARD_NO) VALUES (21, '친절한 설명 감사합니다.', TO_DATE('2025-03-21', 'YYYY-MM-DD'), 86, 46);
INSERT INTO TB_REPLY (REPLY_NO, CONTENT, CREATE_DATE, USER_NO, BOARD_NO) VALUES (22, '수업 자료 부탁드립니다.', TO_DATE('2025-03-22', 'YYYY-MM-DD'), 83, 59);
INSERT INTO TB_REPLY (REPLY_NO, CONTENT, CREATE_DATE, USER_NO, BOARD_NO) VALUES (23, '좋은 정보 감사합니다.', TO_DATE('2025-03-23', 'YYYY-MM-DD'), 53, 55);
INSERT INTO TB_REPLY (REPLY_NO, CONTENT, CREATE_DATE, USER_NO, BOARD_NO) VALUES (24, '이번 시험 화이팅!', TO_DATE('2025-03-24', 'YYYY-MM-DD'), 67, 45);
INSERT INTO TB_REPLY (REPLY_NO, CONTENT, CREATE_DATE, USER_NO, BOARD_NO) VALUES (25, '오늘도 수고 많으셨습니다.', TO_DATE('2025-03-25', 'YYYY-MM-DD'), 48, 55);
INSERT INTO TB_REPLY (REPLY_NO, CONTENT, CREATE_DATE, USER_NO, BOARD_NO) VALUES (26, '오늘도 수고 많으셨습니다.', TO_DATE('2025-03-26', 'YYYY-MM-DD'), 44, 35);
INSERT INTO TB_REPLY (REPLY_NO, CONTENT, CREATE_DATE, USER_NO, BOARD_NO) VALUES (27, '다시 한번 공지해주세요!', TO_DATE('2025-03-27', 'YYYY-MM-DD'), 42, 56);
INSERT INTO TB_REPLY (REPLY_NO, CONTENT, CREATE_DATE, USER_NO, BOARD_NO) VALUES (28, '빠른 공지 감사합니다.', TO_DATE('2025-03-28', 'YYYY-MM-DD'), 52, 58);
INSERT INTO TB_REPLY (REPLY_NO, CONTENT, CREATE_DATE, USER_NO, BOARD_NO) VALUES (29, '이번 시험 화이팅!', TO_DATE('2025-03-29', 'YYYY-MM-DD'), 69, 52);
INSERT INTO TB_REPLY (REPLY_NO, CONTENT, CREATE_DATE, USER_NO, BOARD_NO) VALUES (30, '잘 이해가 안돼요 ㅠㅠ', TO_DATE('2025-03-30', 'YYYY-MM-DD'), 62, 51);
INSERT INTO TB_REPLY (REPLY_NO, CONTENT, CREATE_DATE, USER_NO, BOARD_NO) VALUES (31, '친절한 설명 감사합니다.', TO_DATE('2025-03-31', 'YYYY-MM-DD'), 86, 44);
INSERT INTO TB_REPLY (REPLY_NO, CONTENT, CREATE_DATE, USER_NO, BOARD_NO) VALUES (32, '잘 이해가 안돼요 ㅠㅠ', TO_DATE('2025-04-01', 'YYYY-MM-DD'), 45, 39);
INSERT INTO TB_REPLY (REPLY_NO, CONTENT, CREATE_DATE, USER_NO, BOARD_NO) VALUES (33, '잘 이해가 안돼요 ㅠㅠ', TO_DATE('2025-04-02', 'YYYY-MM-DD'), 81, 43);
INSERT INTO TB_REPLY (REPLY_NO, CONTENT, CREATE_DATE, USER_NO, BOARD_NO) VALUES (34, '친절한 설명 감사합니다.', TO_DATE('2025-04-03', 'YYYY-MM-DD'), 46, 57);
INSERT INTO TB_REPLY (REPLY_NO, CONTENT, CREATE_DATE, USER_NO, BOARD_NO) VALUES (35, '확인했습니다.', TO_DATE('2025-04-04', 'YYYY-MM-DD'), 70, 45);
INSERT INTO TB_REPLY (REPLY_NO, CONTENT, CREATE_DATE, USER_NO, BOARD_NO) VALUES (36, '좋은 정보 감사합니다.', TO_DATE('2025-04-05', 'YYYY-MM-DD'), 44, 55);
INSERT INTO TB_REPLY (REPLY_NO, CONTENT, CREATE_DATE, USER_NO, BOARD_NO) VALUES (37, '오늘도 수고 많으셨습니다.', TO_DATE('2025-04-06', 'YYYY-MM-DD'), 54, 37);
INSERT INTO TB_REPLY (REPLY_NO, CONTENT, CREATE_DATE, USER_NO, BOARD_NO) VALUES (38, '빠른 공지 감사합니다.', TO_DATE('2025-04-07', 'YYYY-MM-DD'), 56, 31);
INSERT INTO TB_REPLY (REPLY_NO, CONTENT, CREATE_DATE, USER_NO, BOARD_NO) VALUES (39, '이번 시험 화이팅!', TO_DATE('2025-04-08', 'YYYY-MM-DD'), 63, 38);
INSERT INTO TB_REPLY (REPLY_NO, CONTENT, CREATE_DATE, USER_NO, BOARD_NO) VALUES (40, '강의 자료 공유해주세요!', TO_DATE('2025-04-09', 'YYYY-MM-DD'), 45, 43);
INSERT INTO TB_REPLY (REPLY_NO, CONTENT, CREATE_DATE, USER_NO, BOARD_NO) VALUES (41, '친절한 설명 감사합니다.', TO_DATE('2025-04-10', 'YYYY-MM-DD'), 53, 47);
INSERT INTO TB_REPLY (REPLY_NO, CONTENT, CREATE_DATE, USER_NO, BOARD_NO) VALUES (42, '강의 자료 공유해주세요!', TO_DATE('2025-04-11', 'YYYY-MM-DD'), 58, 53);
INSERT INTO TB_REPLY (REPLY_NO, CONTENT, CREATE_DATE, USER_NO, BOARD_NO) VALUES (43, '확인했습니다.', TO_DATE('2025-04-12', 'YYYY-MM-DD'), 60, 45);
INSERT INTO TB_REPLY (REPLY_NO, CONTENT, CREATE_DATE, USER_NO, BOARD_NO) VALUES (44, '잘 이해가 안돼요 ㅠㅠ', TO_DATE('2025-04-13', 'YYYY-MM-DD'), 87, 31);
INSERT INTO TB_REPLY (REPLY_NO, CONTENT, CREATE_DATE, USER_NO, BOARD_NO) VALUES (45, '잘 이해가 안돼요 ㅠㅠ', TO_DATE('2025-04-14', 'YYYY-MM-DD'), 48, 55);
INSERT INTO TB_REPLY (REPLY_NO, CONTENT, CREATE_DATE, USER_NO, BOARD_NO) VALUES (46, '잘 이해가 안돼요 ㅠㅠ', TO_DATE('2025-04-15', 'YYYY-MM-DD'), 80, 55);
INSERT INTO TB_REPLY (REPLY_NO, CONTENT, CREATE_DATE, USER_NO, BOARD_NO) VALUES (47, '다시 한번 공지해주세요!', TO_DATE('2025-04-16', 'YYYY-MM-DD'), 53, 43);
INSERT INTO TB_REPLY (REPLY_NO, CONTENT, CREATE_DATE, USER_NO, BOARD_NO) VALUES (48, '다시 한번 공지해주세요!', TO_DATE('2025-04-17', 'YYYY-MM-DD'), 41, 35);
INSERT INTO TB_REPLY (REPLY_NO, CONTENT, CREATE_DATE, USER_NO, BOARD_NO) VALUES (49, '다시 한번 공지해주세요!', TO_DATE('2025-04-18', 'YYYY-MM-DD'), 78, 48);
INSERT INTO TB_REPLY (REPLY_NO, CONTENT, CREATE_DATE, USER_NO, BOARD_NO) VALUES (50, '다시 한번 공지해주세요!', TO_DATE('2025-04-19', 'YYYY-MM-DD'), 60, 44);


commit;